source	action	destination	note
test/fixtures/compiler-types/callbacks/function-values.hd	converted	spec/conformance/runtime/valid/function-value-argument.hd	-
test/fixtures/compiler-types/callbacks/readonly-result.hd	converted	spec/conformance/runtime/valid/function-field-returns-mutable-data.hd	-
test/fixtures/compiler-types/callbacks/requirement-function-values.hd	converted by hand	spec/conformance/runtime/valid/requirement-function-value.hd	F-201: declare Clock; call through a provider scope in a test block
test/fixtures/compiler-types/callbacks/trailing.hd	converted	spec/conformance/runtime/valid/trailing-callback-blocks.hd	-
test/fixtures/compiler-types/closures/captures.hd	converted	spec/conformance/runtime/valid/closure-captures-local.hd	-
test/fixtures/compiler-types/closures/nested-captures.hd	converted	spec/conformance/runtime/valid/nested-closure-captures.hd	-
test/fixtures/compiler-types/closures/provider-captures.hd	converted by hand	spec/conformance/runtime/valid/closure-captures-provider-scope.hd	F-201: declare Clock and Backup
test/fixtures/compiler-types/closures/requirement-inference/inferred-row.hd	converted by hand	spec/conformance/runtime/valid/closure-inferred-requirement-row.hd	F-201: declare Clock
test/fixtures/compiler-types/closures/requirement-inference/missing-requirement.hd	converted by hand	spec/conformance/typing/invalid/closure-inferred-row-missing-requirement.hd	F-201: declare Clock
test/fixtures/compiler-types/closures/requirements.hd	converted by hand	spec/conformance/runtime/valid/closure-explicit-requirement-row.hd	F-201: declare Clock
test/fixtures/compiler-types/collections/lists/empty-needs-context.hd	held back	test/fixtures/compiler-types/collections/lists/empty-needs-context.hd	marks empty-list-needs-context, which spec/README.md does not inventory (F-205)
test/fixtures/compiler-types/collections/lists/erased-storage.hd	converted	spec/conformance/runtime/valid/generic-list-element.hd	-
test/fixtures/compiler-types/collections/lists/heterogeneous-elements.hd	moved	spec/conformance/typing/invalid/heterogeneous-list-bool-int.hd	-
test/fixtures/compiler-types/collections/lists/void-element-type.hd	held back	test/fixtures/compiler-types/collections/lists/void-element-type.hd	marks unknown-type for list[void]; void resolves, and the spec names no code for a void type argument
test/fixtures/compiler-types/collections/maps/empty-needs-context.hd	held back	test/fixtures/compiler-types/collections/maps/empty-needs-context.hd	marks empty-map-needs-context, which spec/README.md does not inventory (F-205)
test/fixtures/compiler-types/collections/maps/float-key.hd	moved	spec/conformance/typing/invalid/float-literal-map-key.hd	-
test/fixtures/compiler-types/collections/maps/heterogeneous-values.hd	moved	spec/conformance/typing/invalid/heterogeneous-map-values.hd	-
test/fixtures/compiler-types/collections/maps/lookup-replacement.hd	converted	spec/conformance/runtime/valid/map-lookup-and-duplicate-keys.hd	-
test/fixtures/compiler-types/collections/trait-lists.hd	converted	spec/conformance/runtime/valid/list-of-trait-values.hd	-
test/fixtures/compiler-types/data/generic/erased-layout.hd	converted	spec/conformance/runtime/valid/generic-data-fields.hd	-
test/fixtures/compiler-types/data/generic/mismatched-field-type.hd	moved	spec/conformance/typing/invalid/generic-data-field-type-mismatch.hd	-
test/fixtures/compiler-types/enums/generic/context-required.hd	held back	test/fixtures/compiler-types/enums/generic/context-required.hd	marks generic-enum-needs-context, which spec/README.md does not inventory (F-205)
test/fixtures/compiler-types/enums/generic/erased-payloads.hd	converted	spec/conformance/runtime/valid/generic-enum-payloads.hd	-
test/fixtures/compiler-types/enums/generic/unsaturated-type.hd	held back	test/fixtures/compiler-types/enums/generic/unsaturated-type.hd	marks unknown-type for a generic enum used without arguments; the name resolves, and no inventoried code fits
test/fixtures/compiler-types/generics/callable-adapter.hd	converted	spec/conformance/runtime/valid/generic-callable-adapter.hd	-
test/fixtures/compiler-types/generics/functions/inconsistent-inference.hd	moved	spec/conformance/typing/invalid/generic-inference-conflict.hd	-
test/fixtures/compiler-types/generics/functions/inference-and-boxing.hd	converted	spec/conformance/runtime/valid/generic-inference-scalars-and-data.hd	-
test/fixtures/compiler-types/generics/functions/unresolved-placeholder.hd	moved	spec/conformance/typing/invalid/unresolved-generic-return-placeholder.hd	-
test/fixtures/compiler-types/generics/functions/unsaturated-function-value.hd	held back	test/fixtures/compiler-types/generics/functions/unsaturated-function-value.hd	marks generic-function-value-needs-arguments, which spec/README.md does not inventory (F-205)
test/fixtures/compiler-types/generics/option-result.hd	converted	spec/conformance/runtime/valid/generic-optional-and-result.hd	-
test/fixtures/compiler-types/identity/references/gc-identity.hd	converted	spec/conformance/runtime/valid/reference-identity.hd	-
test/fixtures/compiler-types/identity/references/missing-implementation.hd	held back	test/fixtures/compiler-types/identity/references/missing-implementation.hd	marks missing-trait-implementation (unsatisfied bound), which spec/README.md does not inventory (F-205)
test/fixtures/compiler-types/identity/references/unbounded-generic.hd	deleted	spec/conformance/typing/invalid/unbounded-generic-identity.hd	identical to the conformance copy
test/fixtures/compiler-types/requirements/abi.hd	converted by hand	spec/conformance/runtime/valid/requirement-row-forwarded-through-calls.hd	F-201: declare Clock
test/fixtures/compiler-types/requirements/context-errors/non-context-spread.hd	moved	spec/conformance/typing/invalid/provider-spread-of-non-context.hd	-
test/fixtures/compiler-types/requirements/context-errors/wrong-context-type.hd	converted by hand	spec/conformance/typing/invalid/context-result-type-mismatch.hd	F-201: declare Clock and Backup
test/fixtures/compiler-types/requirements/context-normalization.hd	converted by hand	spec/conformance/typing/valid/context-spread-normalization.hd	F-201: declare Clock and Backup
test/fixtures/compiler-types/requirements/contexts.hd	converted by hand	spec/conformance/runtime/valid/context-values-install-providers.hd	F-201: declare Clock and Backup
test/fixtures/compiler-types/requirements/generic-provider-keys/collision.hd	moved	spec/conformance/typing/invalid/generic-provider-key-collision-nested.hd	-
test/fixtures/compiler-types/requirements/generic-provider-keys/consistent-substitution.hd	moved	spec/conformance/typing/valid/generic-provider-keys-consistent-substitution.hd	-
test/fixtures/compiler-types/requirements/generic-provider-keys/distinct.hd	moved	spec/conformance/typing/valid/generic-provider-keys-distinct.hd	-
test/fixtures/compiler-types/requirements/generic-provider-keys/occurs-check.hd	moved	spec/conformance/typing/valid/generic-provider-keys-occurs-check.hd	-
test/fixtures/compiler-types/requirements/generic-provider-keys/spread-collision.hd	moved	spec/conformance/typing/invalid/generic-provider-key-collision-spread.hd	-
test/fixtures/compiler-types/requirements/missing-requirement.hd	converted by hand	spec/conformance/typing/invalid/call-missing-requirement.hd	F-201: declare Clock
test/fixtures/compiler-types/requirements/normalization/explicit-empty-row.hd	held back	test/fixtures/compiler-types/requirements/normalization/explicit-empty-row.hd	uses `$()`, which chapter 02 prose defines but its EBNF (and the reference parser) does not derive
test/fixtures/compiler-types/requirements/normalization/grouped.hd	converted by hand	spec/conformance/typing/valid/requirement-row-grouped-subtraction.hd	F-201: declare Clock and Logger
test/fixtures/compiler-types/requirements/normalization/ungrouped.hd	converted by hand	spec/conformance/typing/valid/requirement-row-ungrouped-subtraction.hd	F-201: declare Clock and Logger
test/fixtures/compiler-types/requirements/provider-errors/missing-provider.hd	converted by hand	spec/conformance/typing/invalid/use-without-provider.hd	F-201: declare Clock
test/fixtures/compiler-types/requirements/provider-errors/wrong-provider-type.hd	converted by hand	spec/conformance/typing/invalid/provider-value-type-mismatch.hd	F-201: declare Clock
test/fixtures/compiler-types/requirements/provider-scopes.hd	converted by hand	spec/conformance/runtime/valid/nested-provider-scope.hd	F-201: declare Clock and Backup
test/fixtures/compiler-types/requirements/row-forwarding.hd	converted by hand	spec/conformance/runtime/valid/row-polymorphic-forwarding.hd	F-201: declare Clock and Logger
test/fixtures/compiler-types/requirements/row-inference/conflicting-row.hd	converted by hand	spec/conformance/typing/invalid/row-inference-conflict.hd	F-201: declare Clock and Logger
test/fixtures/compiler-types/requirements/row-inference/inferred-empty-row.hd	converted	spec/conformance/runtime/valid/row-inference-empty-row.hd	-
test/fixtures/compiler-types/requirements/row-inference/unavailable-provider.hd	converted by hand	spec/conformance/typing/invalid/row-inference-unavailable-provider.hd	F-201: declare Clock and Logger
test/fixtures/compiler-types/requirements/row-multi-forwarding.hd	converted by hand	spec/conformance/runtime/valid/row-polymorphic-union-forwarding.hd	F-201: declare Clock and Logger
test/fixtures/compiler-types/requirements/row-pack.hd	converted by hand	spec/conformance/runtime/valid/row-variable-binds-union.hd	F-201: declare Clock and Logger
test/fixtures/compiler-types/requirements/row-subtraction/absent-subtraction-warning.hd	converted by hand	spec/conformance/typing/warnings/row-subtraction-absent-key.hd	F-201: declare Clock, Logger, Backup
test/fixtures/compiler-types/requirements/row-subtraction/missing-subtracted-provider.hd	converted by hand	spec/conformance/typing/invalid/row-subtraction-without-provider.hd	F-201: declare Logger
test/fixtures/compiler-types/requirements/row-subtraction/provider-restoration.hd	converted by hand	spec/conformance/runtime/valid/row-subtraction-provider-restoration.hd	F-201: declare Clock, Logger, Backup
test/fixtures/compiler-types/requirements/row-union.hd	converted by hand	spec/conformance/runtime/valid/row-variable-plus-key.hd	F-201: declare Logger
test/fixtures/compiler-types/traits/defaults/inherited-method.hd	converted	spec/conformance/runtime/valid/trait-default-method-inherited.hd	-
test/fixtures/compiler-types/traits/defaults/override.hd	converted	spec/conformance/runtime/valid/trait-default-method-overridden.hd	-
test/fixtures/compiler-types/traits/diagnostics/ambiguous-method.hd	moved	spec/conformance/typing/invalid/ambiguous-method-two-traits.hd	-
test/fixtures/compiler-types/traits/diagnostics/mismatched-signature.hd	moved	spec/conformance/typing/invalid/trait-method-result-type-mismatch.hd	-
test/fixtures/compiler-types/traits/diagnostics/missing-method.hd	moved	spec/conformance/typing/invalid/trait-impl-missing-method.hd	-
test/fixtures/compiler-types/traits/dispatch.hd	converted	spec/conformance/runtime/valid/static-and-dynamic-trait-dispatch.hd	-
test/fixtures/compiler-types/traits/embedded-fields.hd	converted	spec/conformance/runtime/valid/embedded-field-satisfies-trait.hd	-
test/fixtures/compiler-types/traits/generic-bounds/dictionary-dispatch.hd	converted	spec/conformance/runtime/valid/generic-bound-dispatch.hd	-
test/fixtures/compiler-types/traits/generic-bounds/missing-implementation.hd	held back	test/fixtures/compiler-types/traits/generic-bounds/missing-implementation.hd	marks missing-trait-implementation (unsatisfied bound), which spec/README.md does not inventory (F-205)
test/fixtures/compiler-types/traits/inherent-methods.hd	converted	spec/conformance/runtime/valid/inherent-methods.hd	-
test/fixtures/compiler-types/traits/multiple-bounds/dictionary-forwarding.hd	converted	spec/conformance/runtime/valid/multiple-bounds-dispatch.hd	-
test/fixtures/compiler-types/traits/multiple-bounds/duplicate-bound.hd	held back	test/fixtures/compiler-types/traits/multiple-bounds/duplicate-bound.hd	marks duplicate-trait-bound, which spec/README.md does not inventory (F-205); second duplicate bound removed (D5)
test/fixtures/compiler-types/traits/mutable-errors/readonly-dynamic.hd	moved	spec/conformance/typing/invalid/readonly-trait-value-mutating-method.hd	-
test/fixtures/compiler-types/traits/mutable-errors/readonly-static.hd	moved	spec/conformance/typing/invalid/readonly-data-mutating-trait-method.hd	-
test/fixtures/compiler-types/traits/mutable-errors/signature-mismatch.hd	moved	spec/conformance/typing/invalid/trait-method-receiver-mismatch.hd	-
test/fixtures/compiler-types/traits/mutable-receivers.hd	converted	spec/conformance/runtime/valid/mutable-receivers.hd	-
test/fixtures/compiler-types/traits/providers.hd	converted	spec/conformance/runtime/valid/trait-value-as-provider.hd	-
test/fixtures/compiler-types/traits/suspending-cancel.hd	converted by hand	spec/conformance/runtime/valid/cancellation-runs-dynamic-method-defer.hd	F-210: accept-only; rewritten as a cancellation-cleanup scenario
test/fixtures/compiler-types/traits/suspending-defaults.hd	converted	spec/conformance/runtime/valid/suspending-trait-default-method.hd	-
test/fixtures/compiler-types/traits/suspending-dispatch.hd	converted	spec/conformance/runtime/valid/suspending-trait-dispatch.hd	-
test/fixtures/compiler-types/tuples/heterogeneous/gc-storage.hd	converted	spec/conformance/runtime/valid/heterogeneous-tuples.hd	-
test/fixtures/compiler-types/tuples/heterogeneous/identity-rejected.hd	deleted	spec/conformance/typing/invalid/tuple-identity.hd	identical to the conformance copy
test/fixtures/compiler-types/tuples/heterogeneous/index-out-of-range.hd	held back	test/fixtures/compiler-types/tuples/heterogeneous/index-out-of-range.hd	marks tuple-index-range, which spec/README.md does not inventory (F-205)
test/fixtures/compiler/00-case-program.hd	converted	spec/conformance/runtime/valid/conditional-call-program.hd	-
test/fixtures/compiler/03-checked-i32-arithmetic-traps-on-overflow.hd	converted by hand	spec/conformance/runtime/panic/i32-add-overflow-in-function.hd	D2: called from a test block
test/fixtures/compiler/04-the-minimum-i32-literal-forms-through-unary-negation-diagnostic.hd	moved	spec/conformance/typing/invalid/unary-plus-i32-literal-range.hd	-
test/fixtures/compiler/04-the-minimum-i32-literal-forms-through-unary-negation-division.hd	converted by hand	spec/conformance/runtime/panic/i32-min-divided-by-minus-one.hd	D2: called from a test block
test/fixtures/compiler/04-the-minimum-i32-literal-forms-through-unary-negation.hd	converted	spec/conformance/runtime/valid/i32-minimum-literal.hd	-
test/fixtures/compiler/05-integer-power-is-right-associative-checked-and-rejects-negative-exponent-negative.hd	converted by hand	spec/conformance/typing/invalid/signed-integer-exponent.hd	L2: a signed exponent is now a type-mismatch error
test/fixtures/compiler/05-integer-power-is-right-associative-checked-and-rejects-negative-exponent-overflow.hd	converted by hand	spec/conformance/runtime/panic/integer-power-overflow.hd	D2: called from a test block
test/fixtures/compiler/05-integer-power-is-right-associative-checked-and-rejects-negative-exponent.hd	converted	spec/conformance/runtime/valid/integer-power-associativity.hd	-
test/fixtures/compiler/06-floating-power-uses-the-host-ieee-pow-primitive-diagnostic.hd	moved	spec/conformance/typing/invalid/power-mixed-numeric-types.hd	-
test/fixtures/compiler/06-floating-power-uses-the-host-ieee-pow-primitive.hd	converted	spec/conformance/runtime/valid/floating-power.hd	-
test/fixtures/compiler/07-checker-rejects-name-mutability-and-type-errors-diagnostic-2.hd	moved	spec/conformance/typing/invalid/reassign-short-binding-in-function.hd	-
test/fixtures/compiler/07-checker-rejects-name-mutability-and-type-errors-diagnostic-3.hd	moved	spec/conformance/typing/invalid/function-result-type-mismatch.hd	-
test/fixtures/compiler/07-checker-rejects-name-mutability-and-type-errors-diagnostic-4.hd	held back	test/fixtures/compiler/07-checker-rejects-name-mutability-and-type-errors-diagnostic-4.hd	marks invalid-binary-operands (float %), which spec/README.md does not inventory (F-205)
test/fixtures/compiler/07-checker-rejects-name-mutability-and-type-errors-diagnostic-5.hd	held back	test/fixtures/compiler/07-checker-rejects-name-mutability-and-type-errors-diagnostic-5.hd	marks invalid-binary-operands (bool <), which spec/README.md does not inventory (F-205)
test/fixtures/compiler/07-checker-rejects-name-mutability-and-type-errors-diagnostic-6.hd	moved	spec/conformance/typing/invalid/nonfinal-vararg-then-parameter.hd	-
test/fixtures/compiler/07-checker-rejects-name-mutability-and-type-errors-diagnostic.hd	moved	spec/conformance/typing/invalid/unknown-value-name.hd	-
test/fixtures/compiler/07-checker-rejects-name-mutability-and-type-errors-positional-spread-needs-vararg.hd	held back	test/fixtures/compiler/07-checker-rejects-name-mutability-and-type-errors-positional-spread-needs-vararg.hd	marks positional-spread-needs-vararg, which spec/README.md does not inventory (F-205)
test/fixtures/compiler/08-homogeneous-varargs-lower-through-the-existing-list-abi.hd	converted	spec/conformance/runtime/valid/homogeneous-varargs.hd	-
test/fixtures/compiler/09-first-class-vararg-functions-retain-their-calling-convention-type-mismatch.hd	moved	spec/conformance/typing/invalid/list-function-to-vararg-function-type.hd	-
test/fixtures/compiler/09-first-class-vararg-functions-retain-their-calling-convention.hd	converted	spec/conformance/runtime/valid/vararg-function-values.hd	-
test/fixtures/compiler/10-function-parameter-defaults-evaluate-after-explicit-arguments.hd	converted	spec/conformance/runtime/valid/parameter-defaults-after-explicit-arguments.hd	-
test/fixtures/compiler/11-function-parameter-defaults-enforce-order-type-and-purity-diagnostic-2.hd	moved	spec/conformance/typing/invalid/parameter-default-type-mismatch.hd	-
test/fixtures/compiler/11-function-parameter-defaults-enforce-order-type-and-purity-diagnostic.hd	held back	test/fixtures/compiler/11-function-parameter-defaults-enforce-order-type-and-purity-diagnostic.hd	marks parameter-default-order; chapter 07 states the rule but spec/README.md has no code for it (F-205)
test/fixtures/compiler/11-function-parameter-defaults-enforce-order-type-and-purity-impure-parameter-default.hd	moved	spec/conformance/typing/invalid/suspending-parameter-default.hd	-
test/fixtures/compiler/12-varargs-work-in-suspending-and-trait-method-calls.hd	converted	spec/conformance/runtime/valid/varargs-in-trait-and-suspending-methods.hd	-
test/fixtures/compiler/13-named-arguments-map-to-parameters-without-changing-source-evaluation-ord-2.hd	converted	spec/conformance/runtime/valid/named-arguments-reordered.hd	-
test/fixtures/compiler/13-named-arguments-map-to-parameters-without-changing-source-evaluation-ord.hd	converted	spec/conformance/runtime/valid/named-arguments-source-evaluation-order.hd	-
test/fixtures/compiler/14-named-enum-payloads-preserve-source-evaluation-order-duplicate-argument.hd	held back	test/fixtures/compiler/14-named-enum-payloads-preserve-source-evaluation-order-duplicate-argument.hd	marks duplicate-argument, which spec/README.md does not inventory (F-205)
test/fixtures/compiler/14-named-enum-payloads-preserve-source-evaluation-order-unknown-named-argument.hd	held back	test/fixtures/compiler/14-named-enum-payloads-preserve-source-evaluation-order-unknown-named-argument.hd	marks unknown-named-argument, which spec/README.md does not inventory (F-205)
test/fixtures/compiler/14-named-enum-payloads-preserve-source-evaluation-order.hd	converted	spec/conformance/runtime/valid/named-enum-payload-evaluation-order.hd	-
test/fixtures/compiler/15-named-enum-payload-patterns-resolve-bindings-by-field-name-unknown-variant-pattern-field.hd	held back	test/fixtures/compiler/15-named-enum-payload-patterns-resolve-bindings-by-field-name-unknown-variant-pattern-field.hd	marks unknown-variant-pattern-field, which spec/README.md does not inventory (F-205)
test/fixtures/compiler/15-named-enum-payload-patterns-resolve-bindings-by-field-name.hd	converted	spec/conformance/runtime/valid/named-enum-payload-patterns.hd	-
test/fixtures/compiler/16-literal-enum-payload-patterns-constrain-variants-in-wasm-and-suspension--nonexhaustive-match.hd	moved	spec/conformance/typing/invalid/literal-payload-pattern-nonexhaustive.hd	-
test/fixtures/compiler/16-literal-enum-payload-patterns-constrain-variants-in-wasm-and-suspension-.hd	converted	spec/conformance/runtime/valid/literal-payload-patterns.hd	-
test/fixtures/compiler/17-shared-enum-data-uses-per-variant-factories-and-pure-ordered-defaults.hd	converted	spec/conformance/runtime/valid/shared-enum-data-defaults.hd	-
test/fixtures/compiler/18-named-arguments-work-through-static-and-dynamic-trait-dispatch.hd	converted	spec/conformance/runtime/valid/named-arguments-trait-dispatch.hd	-
test/fixtures/compiler/19-shadow-console.hd	moved	spec/conformance/typing/invalid/prelude-shadow-console-parameter.hd	-
test/fixtures/compiler/19-shadow-display.hd	deleted	spec/conformance/typing/invalid/prelude-shadow.hd	identical to the conformance copy
test/fixtures/compiler/19-shadow-hash.hd	moved	spec/conformance/typing/invalid/prelude-shadow-hash-local.hd	-
test/fixtures/compiler/19-shadow-println.hd	moved	spec/conformance/typing/invalid/prelude-shadow-println-function.hd	-
test/fixtures/compiler/19-shadow-result.hd	moved	spec/conformance/typing/invalid/prelude-shadow-result-generic.hd	-
test/fixtures/compiler/20-branch-scopes-do-not-leak-and-may-shadow-each-other-diagnostic.hd	moved	spec/conformance/typing/invalid/branch-binding-does-not-leak.hd	-
test/fixtures/compiler/20-branch-scopes-do-not-leak-and-may-shadow-each-other.hd	converted	spec/conformance/runtime/valid/branch-scopes-shadow.hd	-
test/fixtures/compiler/21-else-if-chains-preserve-value-typing-and-selection-order.hd	converted	spec/conformance/runtime/valid/else-if-chain.hd	-
test/fixtures/compiler/22-while-break-and-continue-lower-to-structured-wasm-control-flow-diagnostic.hd	moved	spec/conformance/typing/invalid/break-outside-loop.hd	-
test/fixtures/compiler/22-while-break-and-continue-lower-to-structured-wasm-control-flow.hd	converted	spec/conformance/runtime/valid/while-break-and-continue.hd	-
test/fixtures/compiler/23-while-else-produces-values-on-break-or-normal-exhaustion-broken.hd	converted	spec/conformance/runtime/valid/while-else-break-value.hd	-
test/fixtures/compiler/23-while-else-produces-values-on-break-or-normal-exhaustion-diagnostic-2.hd	moved	spec/conformance/typing/invalid/plain-break-in-value-loop.hd	-
test/fixtures/compiler/23-while-else-produces-values-on-break-or-normal-exhaustion-diagnostic.hd	moved	spec/conformance/typing/invalid/break-value-in-void-loop.hd	-
test/fixtures/compiler/23-while-else-produces-values-on-break-or-normal-exhaustion-exhausted.hd	converted	spec/conformance/runtime/valid/while-else-exhaustion-value.hd	-
test/fixtures/compiler/24-for-loops-iterate-lists-and-maps-with-continue-destructuring-and-else-va-diagnostic-2.hd	held back	test/fixtures/compiler/24-for-loops-iterate-lists-and-maps-with-continue-destructuring-and-else-va-diagnostic-2.hd	marks for-binding-arity, which spec/README.md does not inventory (F-205)
test/fixtures/compiler/24-for-loops-iterate-lists-and-maps-with-continue-destructuring-and-else-va-diagnostic.hd	held back	test/fixtures/compiler/24-for-loops-iterate-lists-and-maps-with-continue-destructuring-and-else-va-diagnostic.hd	marks not-iterable, which spec/README.md does not inventory (F-205)
test/fixtures/compiler/24-for-loops-iterate-lists-and-maps-with-continue-destructuring-and-else-va.hd	converted	spec/conformance/runtime/valid/for-loops-lists-and-maps.hd	-
test/fixtures/compiler/25-data-declarations-lower-to-wasm-gc-structs.hd	converted	spec/conformance/runtime/valid/data-fields-named-in-any-order.hd	-
test/fixtures/compiler/26-mutable-data-paths-weaken-one-way-and-share-wasm-gc-identity.hd	converted	spec/conformance/runtime/valid/mutable-data-paths-share-identity.hd	-
test/fixtures/compiler/27-mutable-list-and-map-roots-support-indexed-replacement.hd	converted by hand	spec/conformance/runtime/valid/indexed-replacement-list-and-map.hd	match used as a binary operand is not derived by chapter 02; bound to a local first
test/fixtures/compiler/28-mutable-lists-append-through-growable-wasm-gc-storage-mutable-receiver-required.hd	moved	spec/conformance/typing/invalid/readonly-list-append.hd	-
test/fixtures/compiler/28-mutable-lists-append-through-growable-wasm-gc-storage.hd	converted	spec/conformance/runtime/valid/list-append-grows.hd	-
test/fixtures/compiler/29-mutable-maps-grow-from-empty-storage-and-remove-entries-in-insertion-ord-mutable-receiver-required.hd	moved	spec/conformance/typing/invalid/readonly-map-remove.hd	-
test/fixtures/compiler/29-mutable-maps-grow-from-empty-storage-and-remove-entries-in-insertion-ord.hd	converted	spec/conformance/runtime/valid/map-grow-and-remove.hd	-
test/fixtures/compiler/30-data-field-initializers-preserve-source-evaluation-order.hd	converted	spec/conformance/runtime/valid/data-field-evaluation-order.hd	-
test/fixtures/compiler/31-data-field-defaults-run-per-construction-after-explicit-fields.hd	converted	spec/conformance/runtime/valid/data-field-defaults.hd	-
test/fixtures/compiler/32-data-field-defaults-are-type-checked-and-purity-checked-impure-data-default-2.hd	moved	spec/conformance/typing/invalid/suspending-data-field-default.hd	-
test/fixtures/compiler/32-data-field-defaults-are-type-checked-and-purity-checked-impure-data-default.hd	moved	spec/conformance/typing/valid/generic-optional-field-default.hd	-
test/fixtures/compiler/32-data-field-defaults-are-type-checked-and-purity-checked-type-mismatch.hd	moved	spec/conformance/typing/invalid/data-field-default-type-mismatch.hd	-
test/fixtures/compiler/33-data-copy-update-evaluates-its-source-before-replacements.hd	converted	spec/conformance/runtime/valid/copy-update-evaluation-order.hd	-
test/fixtures/compiler/34-data-copy-update-supplies-omitted-fields-without-running-defaults-type-mismatch.hd	moved	spec/conformance/typing/invalid/copy-update-source-type-mismatch.hd	-
test/fixtures/compiler/34-data-copy-update-supplies-omitted-fields-without-running-defaults.hd	converted	spec/conformance/runtime/valid/copy-update-skips-defaults.hd	-
test/fixtures/compiler/35-fieldless-data-lowers-to-an-empty-wasm-gc-struct.hd	converted	spec/conformance/runtime/valid/fieldless-data-argument.hd	-
test/fixtures/compiler/36-data-initialization-missing-field.hd	moved	spec/conformance/typing/invalid/data-literal-missing-field.hd	-
test/fixtures/compiler/36-data-initialization-unknown-field.hd	moved	spec/conformance/typing/invalid/data-literal-unknown-field.hd	-
test/fixtures/compiler/36-data-initialization-wrong-field-type.hd	moved	spec/conformance/typing/invalid/data-literal-field-type-mismatch.hd	-
test/fixtures/compiler/37-data-pattern-duplicate-field.hd	moved	spec/conformance/typing/invalid/data-pattern-repeated-field.hd	-
test/fixtures/compiler/37-data-pattern-nonexhaustive.hd	moved	spec/conformance/typing/invalid/data-pattern-nonexhaustive.hd	-
test/fixtures/compiler/37-data-pattern-unknown-field.hd	moved	spec/conformance/typing/invalid/data-pattern-unknown-field.hd	-
test/fixtures/compiler/37-data-patterns-destructure-nested-fields-and-test-literals.hd	converted	spec/conformance/runtime/valid/data-patterns.hd	-
test/fixtures/compiler/38-strings-use-gc-byte-arrays-and-len-counts-unicode-scalars.hd	converted	spec/conformance/runtime/valid/string-length-counts-scalars.hd	-
test/fixtures/compiler/39-string-interpolation-displays-built-ins-left-to-right.hd	converted	spec/conformance/runtime/valid/string-interpolation-built-ins.hd	-
test/fixtures/compiler/40-strings-compare-by-utf-8-value-order.hd	converted	spec/conformance/runtime/valid/string-ordering.hd	-
test/fixtures/compiler/41-strings-concatenate-and-unnamed-enum-fields-use-numeric-selectors.hd	converted	spec/conformance/runtime/valid/string-concatenation-and-numeric-selectors.hd	-
test/fixtures/compiler/42-character-literals-carry-unicode-scalar-values-and-compare-in-scalar-ord.hd	converted	spec/conformance/runtime/valid/character-literals.hd	-
test/fixtures/compiler/43-defer-runs-after-a-return-value-is-evaluated.hd	converted	spec/conformance/runtime/valid/defer-after-return-value.hd	-
test/fixtures/compiler/44-defer-rejects-escaping-control-flow.hd	held back	test/fixtures/compiler/44-defer-rejects-escaping-control-flow.hd	marks defer-control-flow, which spec/README.md does not inventory (F-205)
test/fixtures/compiler/45-defer-is-lifo-and-runs-on-loop-continue-and-break.hd	converted	spec/conformance/runtime/valid/defer-lifo-and-loop-exits.hd	-
test/fixtures/compiler/46-explicit-panic-lowers-to-unreachable-and-skips-pending-defer.hd	converted by hand	spec/conformance/runtime/panic/explicit-panic-skips-defer.hd	F-204: marker moved to the panicking line; D2: called from a test block
test/fixtures/compiler/47-enums-use-tagged-gc-structs-and-match-binds-payloads.hd	converted	spec/conformance/runtime/valid/enum-payload-match.hd	-
test/fixtures/compiler/48-match-bare-variant.hd	moved	spec/conformance/typing/invalid/bare-variant-pattern-in-match.hd	-
test/fixtures/compiler/48-match-nonexhaustive.hd	moved	spec/conformance/typing/invalid/enum-match-missing-variant.hd	-
test/fixtures/compiler/48-match-pattern-arity.hd	held back	test/fixtures/compiler/48-match-pattern-arity.hd	marks pattern-arity, which spec/README.md does not inventory (F-205)
test/fixtures/compiler/48-match-unreachable-arm.hd	held back	test/fixtures/compiler/48-match-unreachable-arm.hd	marks unreachable-match-arm, which spec/README.md does not inventory (F-205)
test/fixtures/compiler/49-contextual-enum-variant-patterns-use-the-subject-type-variant-binding-name-mismatch.hd	moved	spec/conformance/typing/warnings/variant-binding-names-swapped.hd	-
test/fixtures/compiler/49-contextual-enum-variant-patterns-use-the-subject-type.hd	converted	spec/conformance/runtime/valid/contextual-variant-patterns.hd	-
test/fixtures/compiler/50-contextual-enum-variant-expressions-use-their-expected-type-diagnostic.hd	moved	spec/conformance/typing/invalid/contextual-variant-binding-without-type.hd	-
test/fixtures/compiler/50-contextual-enum-variant-expressions-use-their-expected-type.hd	converted	spec/conformance/runtime/valid/contextual-variant-expressions.hd	-
test/fixtures/compiler/51-boolean-matches-are-exhaustive-and-lower-to-scalar-tests-diagnostic.hd	moved	spec/conformance/typing/invalid/bool-match-missing-false.hd	-
test/fixtures/compiler/51-boolean-matches-are-exhaustive-and-lower-to-scalar-tests-unreachable-match-arm.hd	held back	test/fixtures/compiler/51-boolean-matches-are-exhaustive-and-lower-to-scalar-tests-unreachable-match-arm.hd	marks unreachable-match-arm, which spec/README.md does not inventory (F-205)
test/fixtures/compiler/51-boolean-matches-are-exhaustive-and-lower-to-scalar-tests.hd	converted	spec/conformance/runtime/valid/bool-match.hd	-
test/fixtures/compiler/52-numeric-character-and-string-literal-patterns-require-a-catch-all-diagnostic.hd	moved	spec/conformance/typing/invalid/integer-literal-match-without-catch-all.hd	-
test/fixtures/compiler/52-numeric-character-and-string-literal-patterns-require-a-catch-all-unreachable-match-arm.hd	held back	test/fixtures/compiler/52-numeric-character-and-string-literal-patterns-require-a-catch-all-unreachable-match-arm.hd	marks unreachable-match-arm, which spec/README.md does not inventory (F-205)
test/fixtures/compiler/52-numeric-character-and-string-literal-patterns-require-a-catch-all.hd	converted	spec/conformance/runtime/valid/literal-patterns.hd	-
test/fixtures/compiler/53-match-guards-see-pattern-bindings-and-do-not-contribute-coverage-diagnostic.hd	moved	spec/conformance/typing/invalid/guarded-catch-all-not-exhaustive.hd	-
test/fixtures/compiler/53-match-guards-see-pattern-bindings-and-do-not-contribute-coverage-type-mismatch-2.hd	moved	spec/conformance/typing/invalid/match-guard-type-mismatch.hd	-
test/fixtures/compiler/53-match-guards-see-pattern-bindings-and-do-not-contribute-coverage-type-mismatch.hd	moved	spec/conformance/typing/valid/match-guard-reads-binding.hd	-
test/fixtures/compiler/53-match-guards-see-pattern-bindings-and-do-not-contribute-coverage.hd	converted	spec/conformance/runtime/valid/match-guards.hd	-
test/fixtures/compiler/54-optionals-inject-plain-values-match-both-cases-and-propagate-nil.hd	converted	spec/conformance/runtime/valid/optional-propagation.hd	-
test/fixtures/compiler/55-result-constructors-matching-and-error-propagation-use-the-erased-carrie.hd	converted	spec/conformance/runtime/valid/result-propagation.hd	-
test/fixtures/compiler/56-imported-resourceerror-is-a-generic-wasm-gc-enum.hd	converted	spec/conformance/runtime/valid/resource-error-operation-payload.hd	-
test/fixtures/compiler/57-result-patterns-recursively-match-imported-enum-payloads.hd	converted	spec/conformance/runtime/valid/result-pattern-nested-enum.hd	-
test/fixtures/compiler/58-optional-and-result-context-errors-have-stable-diagnostics-diagnostic-2.hd	held back	test/fixtures/compiler/58-optional-and-result-context-errors-have-stable-diagnostics-diagnostic-2.hd	marks result-constructor-needs-context, which spec/README.md does not inventory (F-205)
test/fixtures/compiler/58-optional-and-result-context-errors-have-stable-diagnostics-diagnostic-3.hd	held back	test/fixtures/compiler/58-optional-and-result-context-errors-have-stable-diagnostics-diagnostic-3.hd	marks invalid-result-propagation, which spec/README.md does not inventory (F-205)
test/fixtures/compiler/58-optional-and-result-context-errors-have-stable-diagnostics-diagnostic-4.hd	moved	spec/conformance/typing/warnings/unused-nested-optional-binding.hd	-
test/fixtures/compiler/58-optional-and-result-context-errors-have-stable-diagnostics-diagnostic.hd	held back	test/fixtures/compiler/58-optional-and-result-context-errors-have-stable-diagnostics-diagnostic.hd	marks nil-needs-optional-type, which spec/README.md does not inventory (F-205)
test/fixtures/compiler/59-optional-result-discarded.hd	moved	spec/conformance/typing/invalid/discarded-optional-result.hd	-
test/fixtures/compiler/59-optional-result-explicitly-discarded.hd	moved	spec/conformance/typing/valid/optional-result-explicitly-discarded.hd	-
test/fixtures/compiler/60-comprehensions-lower-nested-filters-and-map-replacement.hd	converted	spec/conformance/runtime/valid/comprehensions.hd	-
test/fixtures/compiler/60-comprehensions-reject-suspension-calls.hd	moved	spec/conformance/typing/invalid/bang-call-in-comprehension.hd	-
test/fixtures/compiler/60-typed-noncapturing-closures-lower-to-wasm-typed-function-references-diagnostic.hd	moved	spec/conformance/typing/invalid/closure-argument-type-mismatch.hd	-
test/fixtures/compiler/60-typed-noncapturing-closures-lower-to-wasm-typed-function-references.hd	converted	spec/conformance/runtime/valid/closure-as-function-argument.hd	-
test/fixtures/compiler/61-binding-expressions-reject-same-scope-redeclaration.hd	moved	spec/conformance/typing/invalid/binding-expression-redeclaration.hd	-
test/fixtures/compiler/61-binding-expressions-return-values-and-bind-in-enclosing-scope.hd	converted	spec/conformance/runtime/valid/binding-expressions.hd	-
test/fixtures/compiler/61-expected-function-types-infer-inline-closure-parameters-and-results-diagnostic.hd	held back	test/fixtures/compiler/61-expected-function-types-infer-inline-closure-parameters-and-results-diagnostic.hd	marks closure-parameter-needs-annotation, which spec/README.md does not inventory (F-205)
test/fixtures/compiler/61-expected-function-types-infer-inline-closure-parameters-and-results.hd	converted	spec/conformance/runtime/valid/closure-parameter-inference.hd	-
test/fixtures/compiler/62-nonrecursive-closures-infer-result-types-from-fallthrough-and-returns-closure-result-type.hd	held back	test/fixtures/compiler/62-nonrecursive-closures-infer-result-types-from-fallthrough-and-returns-closure-result-type.hd	marks closure-result-type, which spec/README.md does not inventory (F-205)
test/fixtures/compiler/62-nonrecursive-closures-infer-result-types-from-fallthrough-and-returns.hd	converted	spec/conformance/runtime/valid/closure-result-inference.hd	-
test/fixtures/compiler/62-string-trim-and-lower-use-unicode-byte-bridge.hd	converted	spec/conformance/runtime/valid/string-trim-and-lower.hd	-
test/fixtures/compiler/63-explicitly-typed-local-closures-recurse-through-their-current-environmen.hd	converted	spec/conformance/runtime/valid/recursive-local-closure.hd	-
test/fixtures/compiler/63-generic-iterator-traits-drive-for-loops-and-comprehensions.hd	converted	spec/conformance/runtime/valid/iterator-trait-loops.hd	-
test/fixtures/compiler/63-generic-iterator-traits-require-mutable-receivers.hd	moved	spec/conformance/typing/invalid/readonly-iterator-in-comprehension.hd	-
test/fixtures/compiler/64-generic-methods-infer-and-erase-type-arguments.hd	converted	spec/conformance/runtime/valid/generic-methods.hd	-
test/fixtures/compiler/64-named-local-functions-capture-enclosing-values-and-recurse.hd	converted	spec/conformance/runtime/valid/named-local-functions.hd	-
test/fixtures/compiler/65-string-split-preserves-boundaries-and-unicode-scalars.hd	converted	spec/conformance/runtime/valid/string-split.hd	-
test/fixtures/compiler/66-associated-functions-use-qualified-static-calls.hd	held back	test/fixtures/compiler/66-associated-functions-use-qualified-static-calls.hd	uses `Type::name[T](...)`, which the chapter-02 EBNF does not derive
test/fixtures/compiler/67-blanket-implementations-dispatch-with-inferred-dictionaries.hd	converted	spec/conformance/runtime/valid/blanket-impl-for-list.hd	-
test/fixtures/compiler/68-generic-implementation-heads-cannot-overlap.hd	moved	spec/conformance/typing/invalid/overlapping-generic-impl-heads.hd	-
test/fixtures/compiler/69-trait-qualified-calls-select-ambiguous-methods.hd	converted	spec/conformance/runtime/valid/trait-qualified-calls.hd	-
test/fixtures/compiler/70-generic-trait-qualified-calls-select-an-instantiation.hd	converted	spec/conformance/runtime/valid/generic-trait-qualified-calls.hd	-
test/fixtures/compiler/71-trait-associated-functions-use-implementing-type-qualification.hd	converted	spec/conformance/runtime/valid/trait-associated-functions.hd	-
test/fixtures/compiler/72-associated-types-specialize-self-projections.hd	converted	spec/conformance/runtime/valid/associated-type-projections.hd	-
test/fixtures/compiler/73-supertraits-reject-missing-parent-implementations.hd	held back	test/fixtures/compiler/73-supertraits-reject-missing-parent-implementations.hd	marks missing-supertrait-implementation, which spec/README.md does not inventory (F-205)
test/fixtures/compiler/73-supertraits-require-and-expose-parent-implementations.hd	converted	spec/conformance/runtime/valid/supertrait-methods.hd	-
test/fixtures/compiler/74-mutable-trait-bounds-preserve-root-access.hd	converted	spec/conformance/runtime/valid/mutable-trait-bound.hd	-
test/fixtures/compiler/74-mutable-trait-bounds-reject-readonly-roots.hd	held back	test/fixtures/compiler/74-mutable-trait-bounds-reject-readonly-roots.hd	marks mutable-bound-required, which spec/README.md does not inventory (F-205)
test/fixtures/compiler/75-generic-trait-methods-use-static-erased-dispatch.hd	held back	test/fixtures/compiler/75-generic-trait-methods-use-static-erased-dispatch.hd	uses `Trait::name[T](...)`, which the chapter-02 EBNF does not derive
test/fixtures/compiler/76-blanket-implementations-materialize-dynamic-and-bound-dictionaries.hd	converted	spec/conformance/runtime/valid/blanket-impl-dynamic-and-bound.hd	-
test/fixtures/compiler/76-bounded-blanket-implementations-capture-erased-dictionaries.hd	converted	spec/conformance/runtime/valid/bounded-blanket-impl.hd	-
test/fixtures/compiler/77-generic-supertraits-reject-incompatible-upcasts.hd	moved	spec/conformance/typing/invalid/generic-supertrait-upcast-mismatch.hd	-
test/fixtures/compiler/77-generic-supertraits-substitute-parent-arguments.hd	converted	spec/conformance/runtime/valid/generic-supertraits.hd	-
test/fixtures/compiler/78-bounded-blanket-supertraits-capture-parent-dictionaries.hd	converted	spec/conformance/runtime/valid/bounded-blanket-supertraits.hd	-
test/fixtures/compiler/assert-failure-panics.hd	converted by hand	spec/conformance/runtime/panic/assert-failure-outside-test.hd	D2: called through a test block
test/fixtures/compiler/display-requires-implementation.hd	held back	test/fixtures/compiler/display-requires-implementation.hd	marks missing-display, which spec/README.md does not inventory (F-205)
test/fixtures/frontend/00-core-program.hd	held back	test/fixtures/frontend/00-core-program.hd	implementation detail: lexer and AST snapshot input
test/fixtures/frontend/04-parser-builds-value-producing-while-else.hd	moved	spec/conformance/parse/valid/while-else.hd	-
test/fixtures/frontend/05-parser-builds-for-loops-with-tuple-bindings-and-else-suites.hd	moved	spec/conformance/parse/valid/for-tuple-binding-else.hd	-
test/fixtures/frontend/06-parser-lowers-named-local-functions-to-typed-closure-bindings.hd	moved	spec/conformance/parse/valid/named-local-function.hd	-
test/fixtures/frontend/07-parser-retains-mutable-permission-types-and-field-assignments-2.hd	moved	spec/conformance/parse/valid/mutable-list-parameter-index-assignment.hd	-
test/fixtures/frontend/07-parser-retains-mutable-permission-types-and-field-assignments.hd	moved	spec/conformance/parse/valid/mutable-parameter-field-assignment.hd	-
test/fixtures/frontend/08-parser-represents-mut-self-as-a-mutable-self-receiver-2.hd	moved	spec/conformance/parse/invalid/mut-non-self-parameter.hd	-
test/fixtures/frontend/08-parser-represents-mut-self-as-a-mutable-self-receiver.hd	moved	spec/conformance/parse/valid/mut-self-receiver.hd	-
test/fixtures/frontend/09-parser-distinguishes-inherent-and-trait-implementation-blocks.hd	moved	spec/conformance/parse/valid/inherent-and-trait-impls.hd	-
test/fixtures/frontend/10-parser-marks-bare-data-members-as-embedded-fields.hd	moved	spec/conformance/parse/valid/embedded-data-member.hd	-
test/fixtures/frontend/11-parser-retains-explicit-generic-arguments-and-trailing-callbacks-2.hd	moved	spec/conformance/parse/valid/trailing-callback-statement.hd	-
test/fixtures/frontend/11-parser-retains-explicit-generic-arguments-and-trailing-callbacks.hd	moved	spec/conformance/parse/valid/explicit-generic-arguments-with-placeholder.hd	-
test/fixtures/frontend/12-parser-retains-explicit-generic-data-arguments.hd	moved	spec/conformance/parse/valid/explicit-generic-data-arguments.hd	-
test/fixtures/frontend/13-tabs-and-inconsistent-dedents-are-rejected-by-the-lexer-2.hd	moved	spec/conformance/parse/invalid/dedent-to-unused-column.hd	-
test/fixtures/frontend/13-tabs-and-inconsistent-dedents-are-rejected-by-the-lexer.hd	moved	spec/conformance/parse/invalid/tab-in-function-body.hd	-
test/fixtures/frontend/14-lexer-enforces-reserved-punctuation-escapes-and-numeric-separators-2.hd	moved	spec/conformance/parse/invalid/double-numeric-separator.hd	-
test/fixtures/frontend/14-lexer-enforces-reserved-punctuation-escapes-and-numeric-separators-3.hd	moved	spec/conformance/parse/invalid/binary-literal-bad-digit.hd	-
test/fixtures/frontend/14-lexer-enforces-reserved-punctuation-escapes-and-numeric-separators-4.hd	moved	spec/conformance/parse/valid/identifier-interpolation.hd	-
test/fixtures/frontend/14-lexer-enforces-reserved-punctuation-escapes-and-numeric-separators-5.hd	moved	spec/conformance/parse/invalid/stray-dollar-in-string.hd	-
test/fixtures/frontend/14-lexer-enforces-reserved-punctuation-escapes-and-numeric-separators-6.hd	moved	spec/conformance/parse/valid/unicode-scalar-escape.hd	-
test/fixtures/frontend/14-lexer-enforces-reserved-punctuation-escapes-and-numeric-separators.hd	moved	spec/conformance/parse/invalid/semicolon-after-binding.hd	-
test/fixtures/frontend/15-parser-retains-string-interpolation-expressions-and-raw-dollars-2.hd	moved	spec/conformance/parse/valid/raw-string-dollars.hd	-
test/fixtures/frontend/15-parser-retains-string-interpolation-expressions-and-raw-dollars.hd	moved	spec/conformance/parse/valid/expression-interpolation.hd	-
test/fixtures/frontend/16-parser-rejects-comparison-chaining.hd	moved	spec/conformance/parse/invalid/comparison-chaining-with-names.hd	-
test/fixtures/frontend/17-parser-retains-named-call-labels-and-enforces-argument-ordering-2.hd	moved	spec/conformance/parse/invalid/positional-after-named-argument.hd	-
test/fixtures/frontend/17-parser-retains-named-call-labels-and-enforces-argument-ordering.hd	moved	spec/conformance/parse/valid/named-call-arguments.hd	-
test/fixtures/frontend/18-parser-retains-vararg-and-positional-spread-markers-2.hd	moved	spec/conformance/parse/valid/spread-before-named-argument.hd	-
test/fixtures/frontend/18-parser-retains-vararg-and-positional-spread-markers-3.hd	moved	spec/conformance/typing/invalid/positional-after-spread.hd	-
test/fixtures/frontend/18-parser-retains-vararg-and-positional-spread-markers.hd	moved	spec/conformance/parse/valid/vararg-and-spread.hd	-
test/fixtures/frontend/19-parser-retains-function-parameter-defaults-2.hd	moved	spec/conformance/parse/invalid/vararg-with-default.hd	-
test/fixtures/frontend/19-parser-retains-function-parameter-defaults.hd	moved	spec/conformance/parse/valid/parameter-defaults.hd	-
test/fixtures/frontend/20-parser-retains-a-leading-data-copy-update-spread-2.hd	moved	spec/conformance/parse/invalid/copy-update-spread-not-first.hd	-
test/fixtures/frontend/20-parser-retains-a-leading-data-copy-update-spread.hd	moved	spec/conformance/parse/valid/copy-update-spread.hd	-
test/fixtures/frontend/21-parser-retains-named-enum-payload-pattern-labels.hd	moved	spec/conformance/parse/valid/named-payload-pattern-labels.hd	-
test/fixtures/frontend/22-parser-retains-nested-result-payload-patterns.hd	moved	spec/conformance/parse/valid/nested-result-payload-pattern.hd	-
test/fixtures/frontend/23-parser-retains-literal-enum-payload-patterns.hd	moved	spec/conformance/parse/valid/literal-payload-pattern.hd	-
test/fixtures/frontend/24-parser-retains-shared-enum-fields-defaults-and-variant-results.hd	moved	spec/conformance/parse/valid/shared-enum-fields.hd	-
test/fixtures/frontend/25-parser-retains-decimal-numeric-member-selectors.hd	moved	spec/conformance/parse/valid/numeric-member-selectors.hd	-
test/fixtures/frontend/26-parser-distinguishes-grouped-expressions-from-tuple-types-and-literals.hd	moved	spec/conformance/parse/valid/tuples-and-groups.hd	-
test/fixtures/frontend/27-documentation-comments-attach-to-ast-declarations-and-members-source.hd	moved	spec/conformance/parse/valid/documentation-comments.hd	-
test/fixtures/frontend/27-documentation-comments-attach-to-ast-declarations-and-members.hd	deleted	spec/conformance/parse/invalid/doc-comment-without-target.hd	identical to the conformance copy
test/fixtures/frontend/28-parser-retains-top-level-public-visibility.hd	moved	spec/conformance/parse/valid/public-declarations.hd	-
test/fixtures/frontend/29-parser-retains-named-test-blocks.hd	moved	spec/conformance/parse/valid/test-block-discard.hd	-
test/fixtures/frontend/30-parser-lowers-multi-provider-use-to-an-ordered-tuple.hd	moved	spec/conformance/parse/valid/multi-provider-use.hd	-
test/fixtures/frontend/31-parser-retains-single-and-grouped-use-declarations.hd	moved	spec/conformance/parse/valid/single-and-grouped-use.hd	-
test/fixtures/requirements/closure-provider.hd	held back	test/fixtures/requirements/closure-provider.hd	implementation detail: explain-requirements output
test/fixtures/requirements/lexical-override.hd	held back	test/fixtures/requirements/lexical-override.hd	implementation detail: explain-requirements output
test/fixtures/requirements/loop-exit.hd	held back	test/fixtures/requirements/loop-exit.hd	implementation detail: explain-requirements output
test/fixtures/requirements/transitive-call-paths.hd	held back	test/fixtures/requirements/transitive-call-paths.hd	implementation detail: explain-requirements output
test/fixtures/suspension/01-suspending-functions-construct-gc-frames-and-bang-calls-drive-them.hd	converted by hand	spec/conformance/runtime/valid/suspending-call-with-requirement.hd	F-201: declare Clock
test/fixtures/suspension/02-generic-suspending-functions-box-frame-arguments-and-unbox-direct-or-sto.hd	converted	spec/conformance/runtime/valid/generic-suspending-function.hd	-
test/fixtures/suspension/03-generic-suspension-frames-retain-trait-dictionaries-across-child-polls.hd	converted	spec/conformance/runtime/valid/generic-suspending-function-bound.hd	-
test/fixtures/suspension/04-ordinary-suspending-calls-are-cold-values-and-bang-calls-need-a-driver-diagnostic-2.hd	moved	spec/conformance/typing/invalid/bang-call-in-plain-function.hd	-
test/fixtures/suspension/04-ordinary-suspending-calls-are-cold-values-and-bang-calls-need-a-driver-diagnostic-3.hd	held back	test/fixtures/suspension/04-ordinary-suspending-calls-are-cold-values-and-bang-calls-need-a-driver-diagnostic-3.hd	marks not-suspending, which spec/README.md does not inventory (F-205)
test/fixtures/suspension/04-ordinary-suspending-calls-are-cold-values-and-bang-calls-need-a-driver-diagnostic-4.hd	moved	spec/conformance/typing/invalid/drive-readonly-suspension.hd	-
test/fixtures/suspension/04-ordinary-suspending-calls-are-cold-values-and-bang-calls-need-a-driver-diagnostic.hd	moved	spec/conformance/typing/warnings/unused-cold-suspension.hd	-
test/fixtures/suspension/05-unresolved-race-task-combinator.hd	held back	test/fixtures/suspension/05-unresolved-race-task-combinator.hd	marks unsupported-task-combinator; unsupported-* codes stay out of the inventory (D9)
test/fixtures/suspension/05-unresolved-standard-task-combinators-have-a-dedicated-boundary-diagnosti-userdefined.hd	held back	test/fixtures/suspension/05-unresolved-standard-task-combinators-have-a-dedicated-boundary-diagnosti-userdefined.hd	declares its own all!; whether that is allowed next to the all! intrinsic (L12) is not specified
test/fixtures/suspension/05-unresolved-standard-task-combinators-have-a-dedicated-boundary-diagnosti.hd	held back	test/fixtures/suspension/05-unresolved-standard-task-combinators-have-a-dedicated-boundary-diagnosti.hd	marks unsupported-task-combinator; unsupported-* codes stay out of the inventory (D9)
test/fixtures/suspension/06-explicit-mutable-suspension-bindings-are-one-shot-seconddrive.hd	converted by hand	spec/conformance/runtime/panic/second-drive-of-completed-suspension.hd	marker moved from the header to the second drive; D2: called from a test block
test/fixtures/suspension/06-explicit-mutable-suspension-bindings-are-one-shot-valid.hd	converted	spec/conformance/runtime/valid/stored-suspension-single-drive.hd	-
test/fixtures/suspension/07-cold-suspension-cancellation-is-synchronous-and-idempotent.hd	converted	spec/conformance/runtime/valid/cold-suspension-cancel-idempotent.hd	-
test/fixtures/suspension/08-cancelled-suspensions-cannot-be-driven-and-readonly-values-cannot-be-can-cancelled.hd	converted by hand	spec/conformance/runtime/panic/drive-cancelled-suspension.hd	marker moved from the header to the drive; D2: called from a test block
test/fixtures/suspension/08-readonly-suspension-cancel.hd	moved	spec/conformance/typing/invalid/cancel-readonly-suspension.hd	-
test/fixtures/suspension/09-defer-suites-cannot-suspend.hd	moved	spec/conformance/typing/invalid/bang-call-in-defer.hd	-
test/fixtures/suspension/10-suspension-state-transitions-are-observable-through-the-trace-abi.hd	held back	test/fixtures/suspension/10-suspension-state-transitions-are-observable-through-the-trace-abi.hd	implementation detail: trace ABI event order
test/fixtures/suspension/11-deterministic-host-pending.hd	held back	test/fixtures/suspension/11-deterministic-host-pending.hd	implementation detail: host pending across polls, driven from TypeScript
test/fixtures/suspension/12-development-drivers-reject-competing-and-reentrant-suspension-control.hd	held back	test/fixtures/suspension/12-development-drivers-reject-competing-and-reentrant-suspension-control.hd	implementation detail: driver misuse through __hd_* exports
test/fixtures/suspension/13-child-pending-propagates-through-the-parent-frame-and-restores-locals.hd	converted	spec/conformance/runtime/valid/suspending-call-preserves-locals.hd	-
test/fixtures/suspension/13-nested-pending-frame.hd	converted	spec/conformance/runtime/valid/nested-suspending-call.hd	-
test/fixtures/suspension/14-started-frame-cancellation-cancels-the-child-and-runs-registered-cleanup.hd	converted	spec/conformance/runtime/valid/suspending-call-with-defer.hd	-
test/fixtures/suspension/15-cancellation-unwinds-child-frames-before-parent-cleanup.hd	converted by hand	spec/conformance/runtime/valid/cancellation-cleanup-order.hd	F-210: accept-only; rewritten as a cancellation-cleanup scenario that observes order
test/fixtures/suspension/16-linear-suspension-frames-resume-across-multiple-child-sites.hd	converted	spec/conformance/runtime/valid/sequential-suspending-calls.hd	-
test/fixtures/suspension/17-cfg-suspension-lowering-preserves-nested-expression-evaluation.hd	converted	spec/conformance/runtime/valid/suspending-calls-in-binary-expression.hd	-
test/fixtures/suspension/18-cfg-suspension-lowering-preserves-nested-argument-order.hd	converted	spec/conformance/runtime/valid/suspending-calls-as-arguments.hd	-
test/fixtures/suspension/19-cfg-suspension-lowering-branches-and-short-circuits-around-child-frames.hd	converted	spec/conformance/runtime/valid/suspending-calls-in-branches.hd	-
test/fixtures/suspension/20-cfg-suspension-lowering-preserves-loops-continue-break-values-and-cleanu.hd	converted	spec/conformance/runtime/valid/suspending-calls-in-loops.hd	-
test/fixtures/suspension/21-cfg-suspension-lowering-preserves-match-bindings-and-suspending-guards.hd	converted	spec/conformance/runtime/valid/suspending-match-guards.hd	-
test/fixtures/suspension/22-cfg-suspension-lowering-propagates-result-failures-after-child-completio.hd	converted	spec/conformance/runtime/valid/suspending-result-propagation.hd	-
test/fixtures/suspension/23-cfg-suspension-cancellation-cancels-the-active-child-and-runs-scoped-cle.hd	converted	spec/conformance/runtime/valid/suspending-call-in-scoped-defer.hd	-
test/fixtures/suspension/24-cfg-suspension-lowering-installs-providers-produced-after-resumption.hd	converted	spec/conformance/runtime/valid/provider-from-suspending-call.hd	-
test/fixtures/suspension/25-cfg-suspension-lowering-nests-dynamic-trait-suspensions.hd	converted	spec/conformance/runtime/valid/dynamic-suspending-method.hd	-
test/fixtures/suspension/26-replay-rejects-function-code-change.hd	held back	test/fixtures/suspension/26-replay-rejects-function-code-change.hd	implementation detail: replay rejection, driven from TypeScript
test/fixtures/suspension/26-replay-survives-unrelated-declaration.hd	held back	test/fixtures/suspension/26-replay-survives-unrelated-declaration.hd	implementation detail: replay stability, driven from TypeScript
test/fixtures/suspension/26-suspension-poll-decisions-record-and-replay-with-configuration-identity.hd	held back	test/fixtures/suspension/26-suspension-poll-decisions-record-and-replay-with-configuration-identity.hd	implementation detail: record and replay configuration identity
test/fixtures/suspension/27-println-requires-console-and-streams-displayed-utf-8-through-the-host-bo-missing-requirement.hd	moved	spec/conformance/typing/invalid/println-without-console.hd	-
test/fixtures/suspension/27-println-requires-console-and-streams-displayed-utf-8-through-the-host-bo.hd	held back	test/fixtures/suspension/27-println-requires-console-and-streams-displayed-utf-8-through-the-host-bo.hd	claims console output; stdout expectations are deferred (N5)
test/fixtures/suspension/28-multi-provider-use-preserves-requested-tuple-order-through-wasm-gc.hd	converted	spec/conformance/runtime/valid/multi-provider-use-order.hd	-
test/fixtures/suspension/29-imported-block-on-drives-stored-suspensions-and-rejects-nested-drivers-nested.hd	converted by hand	spec/conformance/runtime/panic/block-on-inside-driver.hd	marker moved from the header to block_on; D2: called from a test block
test/fixtures/suspension/29-imported-block-on-drives-stored-suspensions-and-rejects-nested-drivers-suspension-forbidden-context.hd	moved	spec/conformance/typing/invalid/block-on-in-defer.hd	-
test/fixtures/suspension/29-imported-block-on-drives-stored-suspensions-and-rejects-nested-drivers.hd	converted	spec/conformance/runtime/valid/block-on-stored-suspension.hd	-
test/fixtures/suspension/30-imported-assert-equal-compares-supported-structural-values-failure.hd	converted by hand	spec/conformance/runtime/panic/assert-equal-lists-outside-test.hd	D2: called from a test block
test/fixtures/suspension/30-imported-assert-equal-compares-supported-structural-values-missing-partial-eq.hd	moved	spec/conformance/typing/invalid/assert-equal-fieldless-data-without-partial-eq.hd	-
test/fixtures/suspension/30-imported-assert-equal-compares-supported-structural-values.hd	converted	spec/conformance/runtime/valid/assert-equal-nested-tuple.hd	-
test/fixtures/suspension/31-module-bindings-lower-to-wasm-globals-shared-with-declared-functions-non-reassignable-binding.hd	moved	spec/conformance/typing/invalid/reassign-short-module-binding.hd	-
test/fixtures/suspension/31-module-bindings-lower-to-wasm-globals-shared-with-declared-functions.hd	converted by hand	spec/conformance/runtime/valid/module-binding-shared-with-functions.hd	F-210: accept-only; a test block now observes the shared binding
test/fixtures/suspension/32-host-provider-polls-record-and-replay.hd	held back	test/fixtures/suspension/32-host-provider-polls-record-and-replay.hd	implementation-only profile ready-gate (N2); D10: check moved into main!
test/fixtures/suspension/33-host-provider-scalar-arguments-and-results.hd	held back	test/fixtures/suspension/33-host-provider-scalar-arguments-and-results.hd	implementation-only profile ready-counter (N2); D10: check moved into main!
test/fixtures/suspension/34-stored-suspension-crosses-function-boundary.hd	converted by hand	spec/conformance/runtime/valid/stored-suspension-parameter.hd	D10: test block no longer reads state main! wrote
test/fixtures/suspension/35-host-provider-f64-values-use-durable-bit-encoding.hd	held back	test/fixtures/suspension/35-host-provider-f64-values-use-durable-bit-encoding.hd	implementation-only profile ready-float (N2); D10 and F-210: sign-sensitive check moved into main!
test/fixtures/suspension/36-host-provider-strings-use-utf8-boundary.hd	held back	test/fixtures/suspension/36-host-provider-strings-use-utf8-boundary.hd	implementation-only profile ready-text (N2); D10: check moved into main!
test/fixtures/suspension/37-named-suspending-function-values-construct-stored-frames.hd	moved	spec/conformance/runtime/valid/suspending-function-values.hd	-
test/fixtures/suspension/38-suspending-closures-capture-values-in-gc-frames.hd	moved	spec/conformance/runtime/valid/suspending-closure-captures.hd	-
test/fixtures/suspension/39-suspending-closure-values-forward-requirements.hd	moved	spec/conformance/runtime/valid/suspending-closure-requirement-row.hd	-
test/fixtures/suspension/40-lowered-suspension-constructor-does-not-upgrade.hd	moved	spec/conformance/typing/invalid/suspension-constructor-to-bang-function.hd	-
test/fixtures/suspension/41-suspending-generic-methods-preserve-explicit-type-arguments.hd	moved	spec/conformance/runtime/valid/suspending-generic-method.hd	-
test/fixtures/suspension/42-suspending-associated-functions-preserve-generic-results.hd	held back	test/fixtures/suspension/42-suspending-associated-functions-preserve-generic-results.hd	uses `Type::name[T]!(...)`, which the chapter-02 EBNF does not derive
test/fixtures/suspension/43-blanket-implementations-materialize-suspending-dictionaries.hd	moved	spec/conformance/runtime/valid/suspending-blanket-impls.hd	-
test/fixtures/suspension/44-named-local-suspending-functions-capture-recurse-and-forward-requirements.hd	moved	spec/conformance/runtime/valid/named-local-suspending-function.hd	-
