id	source	claim	evidence	note
C001	MVP_PLAN:6-7	S0 gate checks every supported manifest parser case and a checked-in structural AST snapshot	ast:;sel:parse	
C002	MVP_PLAN:7-9;README:42-43	Doc comments retain joined text on AST declarations and members; unattached comments get the specified diagnostic	tf:frontend/27-documentation-comments-attach-to-ast-declarations-and-members.hd;cf:parse/invalid/doc-comment-without-target.hd;pr:p86-orphan-doc.hd	AST text retention is checked only by a TS test (UNVERIFIED by CLI)
C003	MVP_PLAN:9-10	Parser preserves named-argument, vararg, positional-spread markers and enforces ordering	cf:parse/invalid/positional-after-named.hd;cf:typing/invalid/nonfinal-spread.hd;pr:p10-vararg-nonfinal-spread.hd	
C004	MVP_PLAN:10-13;README:44-46	Named arguments preserve source evaluation order for static functions	pr:p01-named-arg-order.hd	fixture 13 cannot observe order (constant values); probe uses a log
C005	MVP_PLAN:11-12	Named arguments preserve source order through dynamic trait dispatch	pr:p02-named-arg-order-method-dynamic.hd;tf:compiler/18-named-arguments-work-through-static-and-dynamic-trait-dispatch.hd	
C006	MVP_PLAN:11	Named arguments preserve source order for suspending calls	pr:p03-named-arg-order-suspending.hd	
C007	MVP_PLAN:12	Named arguments work for enum payload constructors with source order	pr:p04-enum-payload-named-order.hd;tf:compiler/14-named-enum-payloads-preserve-source-evaluation-order.hd	
C008	MVP_PLAN:13-15;README:47-49	Pure parameter defaults run after explicit arguments in declaration order and may read earlier parameters	pr:p05-defaults-earlier-param-per-call.hd;tf:compiler/10-function-parameter-defaults-evaluate-after-explicit-arguments.hd	
C009	MVP_PLAN:13-15	Parameter defaults work for generic and suspending functions	pr:p08-default-generic-and-suspending.hd	
C010	MVP_PLAN:13	Parameter defaults must be pure	pr:p07-default-impure-rejected.hd;tf:compiler/11-function-parameter-defaults-enforce-order-type-and-purity-impure-parameter-default.hd	code impure-parameter-default is not in spec/README.md inventory
C011	spec 07:104 via README:48	A default may not refer to a later parameter	pr:p06-default-later-param-rejected.hd	rejected, but reported as impure-parameter-default (misleading)
C012	MVP_PLAN:15-18;README:50-52	Varargs accept positional elements, one list spread, or a named list, incl. generic	pr:p09-varargs-forms.hd;tf:compiler/08-homogeneous-varargs-lower-through-the-existing-list-abi.hd	
C013	MVP_PLAN:17-18	Varargs work across suspending, static-trait and dynamic-trait calls	tf:compiler/12-varargs-work-in-suspending-and-trait-method-calls.hd	
C014	MVP_PLAN:18-19;README:53-54	First-class fn(T...) -> U values keep the list ABI	pr:p11-vararg-function-value.hd;tf:compiler/09-first-class-vararg-functions-retain-their-calling-convention.hd	
C015	MVP_PLAN:19-21;README:110-112	Data-field defaults are purity-checked and evaluated after explicit initializers	pr:p12-data-init-order.hd;cf:typing/invalid/impure-data-default.hd;tf:compiler/31-data-field-defaults-run-per-construction-after-explicit-fields.hd	
C016	MVP_PLAN:21-23;README:112	Copy-update evaluates the source once, then replacements in source order, without defaults for copied fields	pr:p13-copy-update-order.hd	fixture 33 result is order-independent; probe uses a log
C017	MVP_PLAN:23	Copy-update constructs a fresh Wasm GC struct	pr:p14-copy-update-fresh-struct.hd	
C018	MVP_PLAN:23-24;README:56	Functions and named function values execute	tf:compiler-types/callbacks/function-values.hd	
C019	MVP_PLAN:24-25;README:130-133	Nested and recursive closures with inference and transitive captures	pr:p57-closure-captures.hd;tf:compiler-types/closures/nested-captures.hd;tf:compiler/62-nonrecursive-closures-infer-result-types-from-fallthrough-and-returns.hd	
C020	MVP_PLAN:25-27;README:79-80	Named local functions share the closure representation, recurse, capture, suspend and forward requirements	tf:compiler/64-named-local-functions-capture-enclosing-values-and-recurse.hd;tf:suspension/44-named-local-suspending-functions-capture-recurse-and-forward-requirements.hd	
C021	MVP_PLAN:27-28;README:69-70	Explicit generic call lists with _ inference; partial lists rejected	cf:typing/valid/generic-argument-placeholder.hd;cf:typing/invalid/partial-generic-arguments.hd;cf:typing/invalid/unresolved-generic-placeholder.hd	
C022	MVP_PLAN:28;README:70-71	Contextually typed trailing callback blocks	tf:compiler-types/callbacks/trailing.hd;cf:parse/invalid/two-trailing-blocks.hd	
C023	MVP_PLAN:28-29;README:72-73	Stored callable fields keep their result permission through readonly outer access	tf:compiler-types/callbacks/readonly-result.hd;cf:typing/valid/readonly-callable-mutable-result.hd	
C024	MVP_PLAN:29-30;README:110	Data lowers to GC structs; fieldless data to an empty GC struct	tf:compiler/25-data-declarations-lower-to-wasm-gc-structs.hd;tf:compiler/35-fieldless-data-lowers-to-an-empty-wasm-gc-struct.hd	
C025	MVP_PLAN:30-31;README:116-119	Shared enum constructor data via per-variant factories with pure ordered defaults	tf:compiler/17-shared-enum-data-uses-per-variant-factories-and-pure-ordered-defaults.hd;cf:typing/invalid/impure-shared-enum-default.hd;cf:typing/invalid/shared-enum-default-order.hd	
C026	MVP_PLAN:32;README:120	Contextual enum construction and patterns	pr:p51-contextual-enum.hd;tf:compiler/50-contextual-enum-variant-expressions-use-their-expected-type.hd	
C027	MVP_PLAN:32-34;README:121-126	Guarded, literal and recursive data patterns; named payload bindings; nested payload constraints	pr:p53-literal-match.hd;tf:compiler/37-data-patterns-destructure-nested-fields-and-test-literals.hd;tf:compiler/15-named-enum-payload-patterns-resolve-bindings-by-field-name.hd;tf:compiler/16-literal-enum-payload-patterns-constrain-variants-in-wasm-and-suspension-.hd	
C028	MVP_PLAN:34;README:99-100	Value-producing while and while-else	pr:p35-loop-else-values.hd;tf:compiler/23-while-else-produces-values-on-break-or-normal-exhaustion-broken.hd	
C029	MVP_PLAN:34-35;README:84	Checked integer power and IEEE floating power	pr:p24-power.hd;pr:p25-power-overflow.hd	
C030	MVP_PLAN:35;README:81	char values carry Unicode scalars and compare in scalar order	tf:compiler/42-character-literals-carry-unicode-scalar-values-and-compare-in-scalar-ord.hd	
C031	MVP_PLAN:35;README:84-85	UTF-8 string concatenation and ordering	pr:p19-string-len-order.hd;tf:compiler/40-strings-compare-by-utf-8-value-order.hd	
C032	MVP_PLAN:35-37;README:87-90	Interpolated segments use canonical Display in source order	pr:p16-interpolation-order.hd;tf:compiler/39-string-interpolation-displays-built-ins-left-to-right.hd	
C033	MVP_PLAN:37-38	Primitive Display uses shortest-round-trip float formatting	pr:p17-float-display.hd;cf:runtime/valid/float-display.hd	
C034	MVP_PLAN:38-40;README:88	Generic bounds reuse ordinary Display dispatch (incl. standard primitive implementations)	pr:p92-primitive-bounds.hd	primitives fail T: Display, T: PartialEq, T: PartialOrd bounds
C035	MVP_PLAN:39-40;README:89	Dynamic Display values dispatch through trait paths	cf:runtime/valid/display-dispatch.hd	
C036	MVP_PLAN:40-42;README:241-242	string.split keeps empty pieces and splits an empty separator at scalar boundaries	pr:p18-split.hd;tf:compiler/65-string-split-preserves-boundaries-and-unicode-scalars.hd	
C037	MVP_PLAN:42-44;README:91-93	println needs a lexical Console provider and streams UTF-8	tf:suspension/27-println-requires-console-and-streams-displayed-utf-8-through-the-host-bo.hd;tf:suspension/27-println-requires-console-and-streams-displayed-utf-8-through-the-host-bo-missing-requirement.hd	
C038	MVP_PLAN:45;README:118	Numeric access to unnamed shared enum fields	tf:compiler/41-strings-concatenate-and-unnamed-enum-fields-use-numeric-selectors.hd	
C039	MVP_PLAN:45-47;README:85,119	Reference identity via ref.eq; sealed Reference bounds; canonical fieldless variants	pr:p46-identity.hd;tf:compiler-types/identity/references/gc-identity.hd;cf:typing/invalid/unbounded-generic-identity.hd	
C040	spec 05:356-371 (README:85)	Identity is unaffected by mut access permission	pr:p93-identity-mut-operands.hd	mut operands rejected with identity-requires-references/type-mismatch
C041	MVP_PLAN:47-49;README:113-115	mut T weakens only toward T; readonly roots and edges checked	pr:p48-readonly-alias-shared.hd;pr:p49-mutable-upgrade-rejected.hd;pr:p50-readonly-root-write.hd;cf:typing/invalid/missing-mutable-edge.hd	
C042	MVP_PLAN:49	Direct-versus-generic field permission rule at construction and access	cf:typing/valid/generic-field-permission.hd;cf:typing/invalid/readonly-generic-field-init.hd	
C043	MVP_PLAN:50;README:115	Field writes lower through mutable struct fields	tf:compiler/26-mutable-data-paths-weaken-one-way-and-share-wasm-gc-identity.hd	
C044	MVP_PLAN:50-51;README:82-83	Heterogeneous tuples keep exact element types and erased array storage	pr:p36-tuple-binding-once.hd;tf:compiler-types/tuples/heterogeneous/gc-storage.hd	
C045	MVP_PLAN:51-52	Simultaneous tuple bindings stage the initializer once	pr:p36-tuple-binding-once.hd	
C046	MVP_PLAN:53-55;README:106-108	Binding expressions evaluate once, bind in the enclosing scope, diagnose conditional uses	pr:p37-binding-conditional-use.hd;tf:compiler/61-binding-expressions-return-values-and-bind-in-enclosing-scope.hd;cf:typing/invalid/possibly-uninitialized-binding.hd	
C047	MVP_PLAN:56-57;README:101-102	for loops evaluate the iterable once, keep map insertion order, bind tuples, support loop-else	pr:p32-map-order.hd;pr:p35-loop-else-values.hd;tf:compiler/24-for-loops-iterate-lists-and-maps-with-continue-destructuring-and-else-va.hd	
C048	MVP_PLAN:58-60;README:103-105	Comprehensions: left-to-right nested clauses, filters, duplicate map-key replacement	pr:p33-comprehension-order.hd;tf:compiler/60-comprehensions-lower-nested-filters-and-map-replacement.hd	
C049	MVP_PLAN:60-61;README:105	Suspension calls in comprehensions get suspension-forbidden-context	pr:p34-comprehension-suspension.hd;tf:compiler/60-comprehensions-reject-suspension-calls.hd	
C050	MVP_PLAN:61-63;README:246	Mutable list/map roots support indexed replacement; readonly roots keep element permissions	tf:compiler/27-mutable-list-and-map-roots-support-indexed-replacement.hd;cf:typing/invalid/readonly-list-element-replacement.hd;cf:typing/invalid/readonly-map-entry-replacement.hd	
C051	MVP_PLAN:64;README:127-129	Optional/Result propagation with ?	pr:p54-propagation.hd;tf:compiler/54-optionals-inject-plain-values-match-both-cases-and-propagate-nil.hd	
C052	MVP_PLAN:64;README:243	Non-suspending defer runs LIFO after the return value, on break and continue	pr:p73-defer-order.hd;cf:runtime/valid/defer-order.hd	
C053	MVP_PLAN:65-67	Warnings unreachable-code, unused-local, variant-binding-name-mismatch are non-fatal	pr:p87-unused-local.hd;pr:p88-unreachable.hd;cf:typing/warnings/variant-binding-name-mismatch.hd	
C054	MVP_PLAN:67-68;README:259	Complete prelude namespace protected from declaration and binding shadowing	pr:p84-prelude-shadow.hd;cf:typing/invalid/prelude-shadow.hd;tf:compiler/19-shadow-result.hd	
C055	MVP_PLAN:68-69;README:62-63	Public signatures reject private type and requirement leaks	pr:p85-private-leak.hd;cf:typing/invalid/private-requirement-row.hd	
C056	MVP_PLAN:69-70;README:63-65	Public main rows checked against the Console host profile	cf:typing/invalid/nonhost-entry-requirement.hd;cf:typing/valid/host-entry-requirement.hd	
C057	MVP_PLAN:71-74;README:66-68	Test blocks are checked as driver bodies with the same must-use rules and emitted as __hd_test_N exports	pr:p56-must-use-test-block.hd;cli:__hd_test_0	
C058	MVP_PLAN:74-77	Curated gate asserts stable diagnostics and executes panic cases through Wasm GC	sel:all	
C059	MVP_PLAN:78-80;README:57-59	Module bindings lower to typed globals; functions can reassign top-level let	pr:p40-module-reassign.hd;tf:suspension/31-module-bindings-lower-to-wasm-globals-shared-with-declared-functions.hd	
C060	MVP_PLAN:80-81;README:59-60	Source-order visibility of module bindings in function bodies	cf:typing/invalid/forward-module-binding.hd	
C061	MVP_PLAN:81-83;README:60	Top-level initializers are checked for transitive reads before initialization	pr:p39-module-transitive-read.hd;cf:typing/invalid/transitive-uninitialized-binding.hd	
C062	MVP_PLAN:83-85;README:60-61	A start function runs module initialization exactly once before main	pr:p38-module-init-once.hd;cli:(start;cf:runtime/valid/module-initialization-before-main.hd	
C063	MVP_PLAN:86-87;README:273-274	Unsupported interpolated values receive missing-display	pr:p89-missing-display.hd;tf:compiler/display-requires-implementation.hd	
C064	MVP_PLAN:86-89;README:134-138	Concrete row normalization and hidden provider threading with $.use and lexical $.with overrides	pr:p59-lexical-override.hd;tf:requirements/lexical-override.hd;tf:compiler-types/requirements/normalization/grouped.hd	
C065	MVP_PLAN:89;README:195-196	Reusable GC-backed contexts and left-to-right context spreads	pr:p64-context-spread.hd;tf:compiler-types/requirements/contexts.hd	
C066	MVP_PLAN:89;README:137	Ordered multi-provider tuple lookup	pr:p61-multi-use-order.hd;tf:suspension/28-multi-provider-use-preserves-requested-tuple-order-through-wasm-gc.hd	
C067	MVP_PLAN:90-91;README:132-133	Escaping closures keep captured lexical providers	pr:p58-closure-provider-escape.hd;tf:compiler-types/closures/provider-captures.hd	
C068	MVP_PLAN:91-92;README:139-140	Requirement-bearing closure types with least-row inference	tf:compiler-types/closures/requirement-inference/inferred-row.hd;tf:compiler-types/closures/requirements.hd	
C069	MVP_PLAN:92;README:134-135	Transitive requirement-path explanations	cli:explain-requirements;tf:requirements/transitive-call-paths.hd	
C070	MVP_PLAN:92-94;README:141-143	Generic row inference, least-row union, symbolic subtraction, provider packs	tf:compiler-types/requirements/row-union.hd;tf:compiler-types/requirements/row-pack.hd;cf:typing/valid/row-subtraction-entailment.hd;cf:typing/invalid/row-subtraction-unsound.hd	
C071	MVP_PLAN:94;README:143	Lexical restoration of a subtracted key	pr:p62-row-subtraction-restore.hd;tf:compiler-types/requirements/row-subtraction/provider-restoration.hd	
C072	MVP_PLAN:95	Repeated-row mismatch checking	tf:compiler-types/requirements/row-inference/conflicting-row.hd	
C073	MVP_PLAN:95-96;README:144	Non-fatal requirement-subtract-absent warning	cf:typing/warnings/requirement-subtract-absent.hd	
C074	MVP_PLAN:96-98;README:145-146	Erased generic marker traits as provider keys; collisions under substitution rejected	cf:typing/invalid/generic-requirement-key-collision.hd;cf:typing/valid/distinct-requirement-keys.hd;tf:compiler-types/requirements/generic-provider-keys/consistent-substitution.hd	
C075	MVP_PLAN:101-102	Runtime profiles admit fixture-defined host capability traits as dynamic trait values	tf:suspension/32-host-provider-polls-record-and-replay.hd;cf:runtime/valid/cancellation-runs-defer.hd	
C076	MVP_PLAN:102-104;README:94-96,227-229	Suspending host methods pass i32/f64/bool/char/string arguments and results	tf:suspension/33-host-provider-scalar-arguments-and-results.hd;tf:suspension/35-host-provider-f64-values-use-durable-bit-encoding.hd;tf:suspension/36-host-provider-strings-use-utf8-boundary.hd;ht:flip args=[1];ht:next_char args=[97];ht:result=6 (expected 6)	bool/char checked via Node API probe host-token.ts
C077	MVP_PLAN:104-105	Poll, result retrieval and cancellation cross the host boundary; cleanup stays in Wasm	cf:runtime/valid/cancellation-runs-defer.hd	
C078	MVP_PLAN:108;README:95	Each host invocation has an opaque token; calls from the same site stay distinct	ht:distinct tokens=true;pr:host/token-and-scalars.hd	sequential calls only; concurrent calls need all!/race!, which are unsupported
C079	MVP_PLAN:110-111;README:197	Cold GC-frame construction: body does not run until driven	pr:p66-cold-construction.hd;tf:suspension/01-suspending-functions-construct-gc-frames-and-bang-calls-drive-them.hd	
C080	MVP_PLAN:111;README:197	Construction-time provider capture, including child frames created later	cf:runtime/valid/construction-provider-capture.hd;gp:s3-nested-provider-capture.hd	
C081	MVP_PLAN:111-112;README:199-200	One-shot state checks: second drive traps	pr:p67-second-drive.hd;cf:runtime/panic/second-suspension-drive.hd	
C082	MVP_PLAN:112	Synchronous cancellation of cold suspensions is idempotent	tf:suspension/07-cold-suspension-cancellation-is-synchronous-and-idempotent.hd	
C083	MVP_PLAN:112-114;README:204-206	std.task.block_on drives a mutable stored suspension from non-suspending code	pr:p69-fn-bang-weakening.hd;tf:suspension/29-imported-block-on-drives-stored-suspensions-and-rejects-nested-drivers.hd	
C084	MVP_PLAN:114-116;README:206	Driver guard rejects nested and competing drivers; reentrant poll/cancel rejected	pr:p72-block-on-nested.hd;cf:runtime/panic/competing-suspension-drivers.hd;cf:runtime/panic/reentrant-suspension-poll.hd;cf:runtime/panic/reentrant-cancel.hd	
C085	MVP_PLAN:116-120;README:201-203	Uniform Suspend[T] wrapper preserves identity through fields, optionals, generics, aliases	tf:compiler-types/identity/references/gc-identity.hd;tf:suspension/34-stored-suspension-crosses-function-boundary.hd	
C086	MVP_PLAN:121-125;README:74-76	fn! values: ordinary calls construct, bang calls drive, weaken one way to fn(...) -> mut Suspend[T]	pr:p69-fn-bang-weakening.hd;pr:p70-fn-bang-no-upgrade.hd;tf:suspension/37-named-suspending-function-values-construct-stored-frames.hd;tf:suspension/40-lowered-suspension-constructor-does-not-upgrade.hd	
C087	MVP_PLAN:122-124	Capturing suspending closures are first-class and forward requirements	tf:suspension/38-suspending-closures-capture-values-in-gc-frames.hd;tf:suspension/39-suspending-closure-values-forward-requirements.hd	
C088	MVP_PLAN:126-129;README:77-78	Waker is a sealed dynamic value; chapter-11 fixture type-checks and executes	cf:typing/valid/requirements-and-suspension.hd;ex:typing/valid/requirements-and-suspension.hd	
C089	MVP_PLAN:130-133;README:199	Child Pending propagates to the parent; locals spill and resume	tf:suspension/13-child-pending-propagates-through-the-parent-frame-and-restores-locals.hd;tf:suspension/16-linear-suspension-frames-resume-across-multiple-child-sites.hd	
C090	MVP_PLAN:133-136;README:215-217	Suspension CFG keeps left-to-right order through arguments, short-circuit, branches, loops, guards	pr:p65-suspension-arg-order.hd;tf:suspension/18-cfg-suspension-lowering-preserves-nested-argument-order.hd;tf:suspension/21-cfg-suspension-lowering-preserves-match-bindings-and-suspending-guards.hd	
C091	MVP_PLAN:136-137;README:232-233	Started cancellation cancels the active child, then runs registered defer suites innermost first	gp:s3-cancel-order-3-frames.hd;gp:s3-cancel-lifo-within-frame.hd;gp:s3-cancel-unreached-defer.hd;cf:runtime/valid/cancellation-unwinds-nested-frames.hd	
C092	MVP_PLAN:137-139;README:221-223	Portable scenario cancels root while a named nested frame is pending	cf:runtime/valid/cancellation-unwinds-nested-frames.hd;cf:runtime/valid/cancellation-unwinds-suspending-closure.hd	
C093	MVP_PLAN:139-140;README:218-220	Trace ABI exposes construct/poll/ready/cancel events	cli:trace;tf:suspension/10-suspension-state-transitions-are-observable-through-the-trace-abi.hd	
C094	MVP_PLAN:140-141;README:224-226	pending-gate profile observes provider-backed pending and cancellation	cf:runtime/valid/cancellation-runs-defer.hd	
C095	MVP_PLAN:142-144;README:272	all! and race! receive unsupported-task-combinator	pr:p71-task-combinator.hd;tf:suspension/05-unresolved-race-task-combinator.hd	
C096	MVP_PLAN:146-148;README:210	assert preserves source argument order and traps on false	pr:p15-assert-arg-order.hd;tf:compiler/assert-failure-panics.hd	
C097	MVP_PLAN:148-152;README:211-214	assert_equal: structural equality incl. order-independent maps; nominal and generic PartialEq; missing-partial-eq	pr:p43-equality-structural.hd;cf:typing/invalid/assert-equal-non-eq.hd;tf:suspension/30-imported-assert-equal-compares-supported-structural-values.hd	
C098	MVP_PLAN:152	assert and assert_equal require the reason argument	tf:suspension/30-imported-assert-equal-compares-supported-structural-values-missing-partial-eq.hd;pr:p94-assert-needs-reason.hd	
C099	MVP_PLAN:154-158;README:262-266	Runtime failures cross the host with stable categories	pr:p21-overflow-panics.hd;pr:p22-min-div-neg-one.hd;pr:p23-div-zero.hd;pr:p26-shift.hd;pr:p27-list-bounds.hd;pr:p28-iter-list-growth.hd;pr:p74-panic-skips-defer.hd	
C100	MVP_PLAN:160-162;README:147-149	Erased generics with anyref ABI, primitive boxing (incl. NaN/-0/extremes), inference through optional/Result	pr:p41-generic-nan-negzero.hd;tf:compiler-types/generics/functions/inference-and-boxing.hd;tf:compiler-types/generics/option-result.hd	
C101	MVP_PLAN:162-163;README:150-151	Generic suspending functions retain boxed values and dictionaries across polls	tf:suspension/02-generic-suspending-functions-box-frame-arguments-and-unbox-direct-or-sto.hd;tf:suspension/03-generic-suspension-frames-retain-trait-dictionaries-across-child-polls.hd	
C102	MVP_PLAN:163-165;README:149	Higher-order generic callable adapters	tf:compiler-types/generics/callable-adapter.hd	
C103	MVP_PLAN:165-169;README:152-154	Traits: missing/mismatched/duplicate/ambiguous method checks, static dispatch, dynamic trait values	pr:p79-ambiguous-method.hd;tf:compiler-types/traits/diagnostics/missing-method.hd;tf:compiler-types/traits/diagnostics/mismatched-signature.hd;tf:compiler-types/traits/dispatch.hd	
C104	MVP_PLAN:169-170;README:193-194	Trait values as lexical providers and inside generic requirement packs	tf:compiler-types/traits/providers.hd	
C105	MVP_PLAN:170-173;README:179-182	Independent dictionaries for multiple bounds, forwarding, returned T recovery	tf:compiler-types/traits/multiple-bounds/dictionary-forwarding.hd;tf:compiler-types/traits/generic-bounds/dictionary-dispatch.hd	
C106	MVP_PLAN:173-174;README:172-173	Default methods lower per target, call other methods, explicit overrides win	pr:p75-trait-default-override.hd;tf:compiler-types/traits/defaults/override.hd	
C107	MVP_PLAN:175-177;README:177-178	Suspending trait methods: static, dynamic, bound, stored, default, cancellation	tf:compiler-types/traits/suspending-dispatch.hd;tf:compiler-types/traits/suspending-defaults.hd;tf:compiler-types/traits/suspending-cancel.hd	
C108	MVP_PLAN:177-179;README:155-156	mut self enforced through static, dynamic, default and bounded calls	pr:p76-mut-self.hd;pr:p77-mut-self-dynamic-runs.hd;tf:compiler-types/traits/mutable-errors/readonly-dynamic.hd	
C109	MVP_PLAN:179-180;README:207-209	std.resource.ResourceError[E] is a generic Operation(E) | Disposed enum	pr:p90-resource-error.hd;tf:compiler/56-imported-resourceerror-is-a-generic-wasm-gc-enum.hd	
C110	MVP_PLAN:180-181;README:157-160	Inherent methods share the direct ABI incl. mutable, suspending, generic and duplicate-member checks	tf:compiler-types/traits/inherent-methods.hd;cf:typing/invalid/duplicate-inherent-member.hd;tf:compiler/64-generic-methods-infer-and-erase-type-arguments.hd	
C111	MVP_PLAN:182-185;README:168-171	Embedded fields promote fields and methods; bodyless trait opt-in; mutable promotion rejected	pr:p82-embedded-promotion.hd;cf:typing/valid/embedded-trait-opt-in.hd;cf:typing/invalid/embedded-mut-trait-bodyless.hd	
C112	MVP_PLAN:188-189;README:161-162	Receiverless associated functions via Type::function	tf:compiler/66-associated-functions-use-qualified-static-calls.hd;tf:suspension/42-suspending-associated-functions-preserve-generic-results.hd	
C113	MVP_PLAN:189-192	Generic trait impls; explicit trait qualification resolves ambiguity; overlapping heads rejected	tf:compiler/69-trait-qualified-calls-select-ambiguous-methods.hd;tf:compiler/70-generic-trait-qualified-calls-select-an-instantiation.hd;tf:compiler/68-generic-implementation-heads-cannot-overlap.hd	
C114	MVP_PLAN:193-199;README:163-167	Blanket impls materialize dictionaries for dynamic values and bounds, incl. nested dictionaries	pr:p81-blanket.hd;tf:compiler/76-blanket-implementations-materialize-dynamic-and-bound-dictionaries.hd;tf:compiler/76-bounded-blanket-implementations-capture-erased-dictionaries.hd;tf:suspension/43-blanket-implementations-materialize-suspending-dictionaries.hd	
C115	MVP_PLAN:200-202	Associated type bindings specialize Self::Item and T::Item projections	pr:p80-assoc-type.hd;tf:compiler/72-associated-types-specialize-self-projections.hd	
C116	MVP_PLAN:203	Mutable bounds preserve root access and reject readonly arguments	tf:compiler/74-mutable-trait-bounds-preserve-root-access.hd;tf:compiler/74-mutable-trait-bounds-reject-readonly-roots.hd	
C117	MVP_PLAN:203-205	Supertraits reject cycles and require the parent implementation	pr:p78-supertrait-cycle.hd;cf:typing/invalid/supertrait-cycle.hd;tf:compiler/73-supertraits-reject-missing-parent-implementations.hd	
C118	MVP_PLAN:205-208;README:174-176	Generic supertraits substitute parent arguments; widening only to matching parent instantiation	tf:compiler/77-generic-supertraits-substitute-parent-arguments.hd;tf:compiler/77-generic-supertraits-reject-incompatible-upcasts.hd;tf:compiler/78-bounded-blanket-supertraits-capture-parent-dictionaries.hd	
C119	MVP_PLAN:208-211;README:187-189	Generic data: one erased layout, inferred or explicit type arguments	tf:compiler-types/data/generic/erased-layout.hd;cf:runtime/valid/generic-data-embedding.hd	
C120	MVP_PLAN:211-212;README:190-192	Generic enums with erased payloads and recursive fields	tf:compiler-types/enums/generic/erased-payloads.hd	
C121	MVP_PLAN:212-214;README:244-246	list[T]: literals, indexing, len, mutable append over growable storage	tf:compiler/28-mutable-lists-append-through-growable-wasm-gc-storage.hd;tf:compiler/28-mutable-lists-append-through-growable-wasm-gc-storage-mutable-receiver-required.hd	
C122	MVP_PLAN:214-216;README:250-252	Iterators: next yields T?, stays exhausted, partly consumed cursor continues in for	pr:p31-iter-exhausted.hd;cf:runtime/valid/list-iterator.hd	
C123	MVP_PLAN:216-218;README:252	Replacement is visible without invalidation; growth, insertion, removal invalidate	pr:p29-iter-map-replacement-ok.hd;pr:p28-iter-list-growth.hd;pr:p30-iter-map-remove.hd;cf:runtime/panic/map-iterator-invalidated.hd	
C124	MVP_PLAN:220-222;README:253-254	User Iterator[T] implementations drive for loops and comprehensions	pr:p83-iterator-impl.hd;tf:compiler/63-generic-iterator-traits-drive-for-loops-and-comprehensions.hd	
C125	MVP_PLAN:223-226;README:247-249	map[K,V]: insertion order, duplicate replacement, get/index lookup, remove, scalar/string keys	pr:p32-map-order.hd;tf:compiler/29-mutable-maps-grow-from-empty-storage-and-remove-entries-in-insertion-ord.hd;cf:runtime/valid/map-insertion-order.hd	
C126	MVP_PLAN:227-232;README:183-186	== / != through explicit PartialEq and generic dictionaries; structural composites; no implicit data equality	pr:p45-partialeq-generic-nested.hd;pr:p43-equality-structural.hd;pr:p44-no-implicit-equality.hd	
C127	MVP_PLAN:233-236	PartialOrd: lexicographic tuples/lists, nil-first optionals, unordered float components make all four relational operators false	pr:p42-ordering-nan.hd;pr:p91-f64-relational.hd	f64 relational comparison crashes codegen (Binaryen parse error)
C128	MVP_PLAN:236-239	Comparison strategies nest through erased composites to element impls and bound dictionaries	pr:p45-partialeq-generic-nested.hd;cf:runtime/valid/partial-ordering-dispatch.hd;cf:runtime/valid/structural-ordering.hd	
C129	MVP_PLAN:241-245	Record/replay events carry a name-based site id that survives unrelated declaration insertion	s5:round-trip;s5:inserted-unrelated-before;s5:inserted-unrelated-between	
C130	MVP_PLAN:245-246	Replay rejects changed executed functions	s5:changed-executed-body;s5:changed-executed-main;s5:changed-executed-nonsuspending-helper	changed non-suspending helper replays silently with a new result (44); corroborates F-401
C131	MVP_PLAN:243 (source-derived code identity)	Replay accepts edits that do not change executed code (unexecuted helper, comment)	s5:changed-unexecuted-function;s5:comment-inside-executed	comment-only edit inside an executed function breaks replay
C132	MVP_PLAN:246	Replay rejects incompatible provider configurations	s5:host-changed-configuration	
C133	MVP_PLAN:245-247	Replay rejects missing and extra events	s5:missing-event;s5:extra-event	
C134	MVP_PLAN:250-252;README:228-229	Host replay restores recorded results without calling the host	s5:host-round-trip;s5:host-tampered-value-restored	
C135	MVP_PLAN:251-252	Replay checks recorded host arguments	s5:host-changed-argument;s5:host-tampered-argument	
C136	MVP_PLAN:252-255;README:97-98,230-231	Replay values: tagged integers, exact f64 bits incl. -0/inf/NaN, hex UTF-8	tf:suspension/35-host-provider-f64-values-use-durable-bit-encoding.hd;tf:suspension/32-host-provider-polls-record-and-replay.hd	NaN/inf replay checked only in TS test (UNVERIFIED by CLI)
C137	MVP_PLAN:258-260;README:28-32	Every development command works through the packaged hd entrypoint	cli:trace;cli:explain-requirements;cli:dump-hir;cli:(start;s5:round-trip	
C138	README:5-6,270-272	Features outside the current slice receive stable diagnostics (MVP goal 5)	cov:unselected	see 2.1: 7 of 51 deferred cases get unsupported-*
C139	README:41	Indentation-sensitive lexing with spans and structured diagnostics	cf:parse/invalid/tab-indentation.hd;tf:frontend/13-tabs-and-inconsistent-dedents-are-rejected-by-the-lexer.hd	
C140	README:55	Recursive-descent parser accepts the chapter-02 core grammar (inline if/else, relative use paths, positional payloads)	cov:parse-gaps	5 parse/valid fixtures accepted by reference parser are rejected
C141	README:109	Lexical branch and loop scopes do not leak	tf:compiler/20-branch-scopes-do-not-leak-and-may-shadow-each-other-diagnostic.hd	
C142	README:122	Exhaustive boolean matching; guards do not contribute coverage	pr:p52-match-guard-coverage.hd;tf:compiler/51-boolean-matches-are-exhaustive-and-lower-to-scalar-tests-diagnostic.hd	
C143	README:128	Must-use checking of optional/Result	pr:p55-must-use.hd;cf:typing/invalid/discarded-result.hd	
C144	README:238	string.len counts Unicode scalars	pr:p19-string-len-order.hd;tf:compiler/38-strings-use-gc-byte-arrays-and-len-counts-unicode-scalars.hd	
C145	README:239-240	Unicode trim and lower through the host bridge	pr:p20-trim-lower.hd;tf:compiler/62-string-trim-and-lower-use-unicode-byte-bridge.hd	
C146	README:255	Typed HIR, readable WAT, Binaryen validation, V8 execution	cli:dump-hir;s1:	
C147	spec 07:230-234 (MVP_PLAN:24-25 closures)	Plain fn closures may not mutate captures	pr:c2-plain-closure-mutates-capture.hd;pr:c2-plain-closure-assigns-let.hd	accepted and executed (c2-plain-closure-mutation-runs)
C148	MVP_PLAN:161;README:81	i32 arithmetic is checked (overflow and division panics)	pr:p21-overflow-panics.hd;pr:p22-min-div-neg-one.hd;pr:p23-div-zero.hd	
C149	MVP_PLAN:116-117	Suspend[T] cancel requires a mutable value	pr:p68-readonly-cancel.hd;cf:typing/invalid/readonly-suspension-cancel.hd	
C150	README:116	Enum payloads may be unnamed positional parameters (spec 08:200)	pr:p95-positional-enum-payload.hd;cf:typing/invalid/variant-result-owner.hd	unnamed positional payload fails to parse
