# commit bd985d7; command: node --experimental-strip-types audit/scripts/coverage/ledger.ts; date 2026-09-25T21:07:57.954Z
claim_id	source	claim	evidence	command	result	note
C001	MVP_PLAN:6-7	S0 gate checks every supported manifest parser case and a checked-in structural AST snapshot	audit/evidence/02-coverage/s0-ast-snapshot.tsv ; audit/evidence/02-coverage/selected.tsv (31 parse)	node --experimental-strip-types audit/scripts/coverage/ast-snapshot.ts (x2) + cmp ; node --experimental-strip-types audit/scripts/coverage/runner.ts conformance test/portable/cases.tsv	verified	
C002	MVP_PLAN:7-9;README:42-43	Doc comments retain joined text on AST declarations and members; unattached comments get the specified diagnostic	test/fixtures/frontend/27-documentation-comments-attach-to-ast-declarations-and-members.hd ; spec/conformance/parse/invalid/doc-comment-without-target.hd ; audit/probes/claims/p86-orphan-doc.hd	hd check test/fixtures/frontend/27-documentation-comments-attach-to-ast-declarations-and-members.hd ; hd parse spec/conformance/parse/invalid/doc-comment-without-target.hd ; hd check audit/probes/claims/p86-orphan-doc.hd	verified	AST text retention is checked only by a TS test (UNVERIFIED by CLI)
C003	MVP_PLAN:9-10	Parser preserves named-argument, vararg, positional-spread markers and enforces ordering	spec/conformance/parse/invalid/positional-after-named.hd ; spec/conformance/typing/invalid/nonfinal-spread.hd ; audit/probes/claims/p10-vararg-nonfinal-spread.hd	hd parse spec/conformance/parse/invalid/positional-after-named.hd ; hd check spec/conformance/typing/invalid/nonfinal-spread.hd ; hd check audit/probes/claims/p10-vararg-nonfinal-spread.hd	verified	
C004	MVP_PLAN:10-13;README:44-46	Named arguments preserve source evaluation order for static functions	audit/probes/claims/p01-named-arg-order.hd	hd test audit/probes/claims/p01-named-arg-order.hd	verified	fixture 13 cannot observe order (constant values); probe uses a log
C005	MVP_PLAN:11-12	Named arguments preserve source order through dynamic trait dispatch	audit/probes/claims/p02-named-arg-order-method-dynamic.hd ; test/fixtures/compiler/18-named-arguments-work-through-static-and-dynamic-trait-dispatch.hd	hd test audit/probes/claims/p02-named-arg-order-method-dynamic.hd ; hd run --entry main test/fixtures/compiler/18-named-arguments-work-through-static-and-dynamic-trait-dispatch.hd	verified	
C006	MVP_PLAN:11	Named arguments preserve source order for suspending calls	audit/probes/claims/p03-named-arg-order-suspending.hd	hd test audit/probes/claims/p03-named-arg-order-suspending.hd	verified	
C007	MVP_PLAN:12	Named arguments work for enum payload constructors with source order	audit/probes/claims/p04-enum-payload-named-order.hd ; test/fixtures/compiler/14-named-enum-payloads-preserve-source-evaluation-order.hd	hd test audit/probes/claims/p04-enum-payload-named-order.hd ; hd run --entry main test/fixtures/compiler/14-named-enum-payloads-preserve-source-evaluation-order.hd	verified	
C008	MVP_PLAN:13-15;README:47-49	Pure parameter defaults run after explicit arguments in declaration order and may read earlier parameters	audit/probes/claims/p05-defaults-earlier-param-per-call.hd ; test/fixtures/compiler/10-function-parameter-defaults-evaluate-after-explicit-arguments.hd	hd test audit/probes/claims/p05-defaults-earlier-param-per-call.hd ; hd run --entry main test/fixtures/compiler/10-function-parameter-defaults-evaluate-after-explicit-arguments.hd	verified	
C009	MVP_PLAN:13-15	Parameter defaults work for generic and suspending functions	audit/probes/claims/p08-default-generic-and-suspending.hd	hd test audit/probes/claims/p08-default-generic-and-suspending.hd	verified	
C010	MVP_PLAN:13	Parameter defaults must be pure	audit/probes/claims/p07-default-impure-rejected.hd ; test/fixtures/compiler/11-function-parameter-defaults-enforce-order-type-and-purity-impure-parameter-default.hd	hd check audit/probes/claims/p07-default-impure-rejected.hd ; hd check test/fixtures/compiler/11-function-parameter-defaults-enforce-order-type-and-purity-impure-parameter-default.hd	verified	code impure-parameter-default is not in spec/README.md inventory
C011	spec 07:104 via README:48	A default may not refer to a later parameter	audit/probes/claims/p06-default-later-param-rejected.hd	hd check audit/probes/claims/p06-default-later-param-rejected.hd	verified	rejected, but reported as impure-parameter-default (misleading)
C012	MVP_PLAN:15-18;README:50-52	Varargs accept positional elements, one list spread, or a named list, incl. generic	audit/probes/claims/p09-varargs-forms.hd ; test/fixtures/compiler/08-homogeneous-varargs-lower-through-the-existing-list-abi.hd	hd test audit/probes/claims/p09-varargs-forms.hd ; hd run --entry main test/fixtures/compiler/08-homogeneous-varargs-lower-through-the-existing-list-abi.hd	verified	
C013	MVP_PLAN:17-18	Varargs work across suspending, static-trait and dynamic-trait calls	test/fixtures/compiler/12-varargs-work-in-suspending-and-trait-method-calls.hd	hd run --entry main test/fixtures/compiler/12-varargs-work-in-suspending-and-trait-method-calls.hd	verified	
C014	MVP_PLAN:18-19;README:53-54	First-class fn(T...) -> U values keep the list ABI	audit/probes/claims/p11-vararg-function-value.hd ; test/fixtures/compiler/09-first-class-vararg-functions-retain-their-calling-convention.hd	hd test audit/probes/claims/p11-vararg-function-value.hd ; hd run --entry main test/fixtures/compiler/09-first-class-vararg-functions-retain-their-calling-convention.hd	verified	
C015	MVP_PLAN:19-21;README:110-112	Data-field defaults are purity-checked and evaluated after explicit initializers	audit/probes/claims/p12-data-init-order.hd ; spec/conformance/typing/invalid/impure-data-default.hd ; test/fixtures/compiler/31-data-field-defaults-run-per-construction-after-explicit-fields.hd	hd test audit/probes/claims/p12-data-init-order.hd ; hd check spec/conformance/typing/invalid/impure-data-default.hd ; hd run --entry main test/fixtures/compiler/31-data-field-defaults-run-per-construction-after-explicit-fields.hd	verified	
C016	MVP_PLAN:21-23;README:112	Copy-update evaluates the source once, then replacements in source order, without defaults for copied fields	audit/probes/claims/p13-copy-update-order.hd	hd test audit/probes/claims/p13-copy-update-order.hd	verified	fixture 33 result is order-independent; probe uses a log
C017	MVP_PLAN:23	Copy-update constructs a fresh Wasm GC struct	audit/probes/claims/p14-copy-update-fresh-struct.hd	hd test audit/probes/claims/p14-copy-update-fresh-struct.hd	verified	
C018	MVP_PLAN:23-24;README:56	Functions and named function values execute	test/fixtures/compiler-types/callbacks/function-values.hd	hd run --entry main test/fixtures/compiler-types/callbacks/function-values.hd	verified	
C019	MVP_PLAN:24-25;README:130-133	Nested and recursive closures with inference and transitive captures	audit/probes/claims/p57-closure-captures.hd ; test/fixtures/compiler-types/closures/nested-captures.hd ; test/fixtures/compiler/62-nonrecursive-closures-infer-result-types-from-fallthrough-and-returns.hd	hd test audit/probes/claims/p57-closure-captures.hd ; hd run --entry main test/fixtures/compiler-types/closures/nested-captures.hd ; hd run --entry main test/fixtures/compiler/62-nonrecursive-closures-infer-result-types-from-fallthrough-and-returns.hd	verified	
C020	MVP_PLAN:25-27;README:79-80	Named local functions share the closure representation, recurse, capture, suspend and forward requirements	test/fixtures/compiler/64-named-local-functions-capture-enclosing-values-and-recurse.hd ; test/fixtures/suspension/44-named-local-suspending-functions-capture-recurse-and-forward-requirements.hd	hd run --entry main test/fixtures/compiler/64-named-local-functions-capture-enclosing-values-and-recurse.hd ; hd test test/fixtures/suspension/44-named-local-suspending-functions-capture-recurse-and-forward-requirements.hd	verified	
C021	MVP_PLAN:27-28;README:69-70	Explicit generic call lists with _ inference; partial lists rejected	spec/conformance/typing/valid/generic-argument-placeholder.hd ; spec/conformance/typing/invalid/partial-generic-arguments.hd ; spec/conformance/typing/invalid/unresolved-generic-placeholder.hd	hd check spec/conformance/typing/valid/generic-argument-placeholder.hd ; hd check spec/conformance/typing/invalid/partial-generic-arguments.hd ; hd check spec/conformance/typing/invalid/unresolved-generic-placeholder.hd	verified	
C022	MVP_PLAN:28;README:70-71	Contextually typed trailing callback blocks	test/fixtures/compiler-types/callbacks/trailing.hd ; spec/conformance/parse/invalid/two-trailing-blocks.hd	hd run --entry main test/fixtures/compiler-types/callbacks/trailing.hd ; hd parse spec/conformance/parse/invalid/two-trailing-blocks.hd	verified	
C023	MVP_PLAN:28-29;README:72-73	Stored callable fields keep their result permission through readonly outer access	test/fixtures/compiler-types/callbacks/readonly-result.hd ; spec/conformance/typing/valid/readonly-callable-mutable-result.hd	hd run --entry main test/fixtures/compiler-types/callbacks/readonly-result.hd ; hd check spec/conformance/typing/valid/readonly-callable-mutable-result.hd	verified	
C024	MVP_PLAN:29-30;README:110	Data lowers to GC structs; fieldless data to an empty GC struct	test/fixtures/compiler/25-data-declarations-lower-to-wasm-gc-structs.hd ; test/fixtures/compiler/35-fieldless-data-lowers-to-an-empty-wasm-gc-struct.hd	hd run --entry main test/fixtures/compiler/25-data-declarations-lower-to-wasm-gc-structs.hd ; hd run --entry main test/fixtures/compiler/35-fieldless-data-lowers-to-an-empty-wasm-gc-struct.hd	verified	
C025	MVP_PLAN:30-31;README:116-119	Shared enum constructor data via per-variant factories with pure ordered defaults	test/fixtures/compiler/17-shared-enum-data-uses-per-variant-factories-and-pure-ordered-defaults.hd ; spec/conformance/typing/invalid/impure-shared-enum-default.hd ; spec/conformance/typing/invalid/shared-enum-default-order.hd	hd run --entry main test/fixtures/compiler/17-shared-enum-data-uses-per-variant-factories-and-pure-ordered-defaults.hd ; hd check spec/conformance/typing/invalid/impure-shared-enum-default.hd ; hd check spec/conformance/typing/invalid/shared-enum-default-order.hd	verified	
C026	MVP_PLAN:32;README:120	Contextual enum construction and patterns	audit/probes/claims/p51-contextual-enum.hd ; test/fixtures/compiler/50-contextual-enum-variant-expressions-use-their-expected-type.hd	hd test audit/probes/claims/p51-contextual-enum.hd ; hd run --entry main test/fixtures/compiler/50-contextual-enum-variant-expressions-use-their-expected-type.hd	verified	
C027	MVP_PLAN:32-34;README:121-126	Guarded, literal and recursive data patterns; named payload bindings; nested payload constraints	audit/probes/claims/p53-literal-match.hd ; test/fixtures/compiler/37-data-patterns-destructure-nested-fields-and-test-literals.hd ; test/fixtures/compiler/15-named-enum-payload-patterns-resolve-bindings-by-field-name.hd ; test/fixtures/compiler/16-literal-enum-payload-patterns-constrain-variants-in-wasm-and-suspension-.hd	hd test audit/probes/claims/p53-literal-match.hd ; hd run --entry main test/fixtures/compiler/37-data-patterns-destructure-nested-fields-and-test-literals.hd ; hd run --entry main test/fixtures/compiler/15-named-enum-payload-patterns-resolve-bindings-by-field-name.hd ; hd run --entry main test/fixtures/compiler/16-literal-enum-payload-patterns-constrain-variants-in-wasm-and-suspension-.hd	verified	
C028	MVP_PLAN:34;README:99-100	Value-producing while and while-else	audit/probes/claims/p35-loop-else-values.hd ; test/fixtures/compiler/23-while-else-produces-values-on-break-or-normal-exhaustion-broken.hd	hd test audit/probes/claims/p35-loop-else-values.hd ; hd run --entry main test/fixtures/compiler/23-while-else-produces-values-on-break-or-normal-exhaustion-broken.hd	verified	
C029	MVP_PLAN:34-35;README:84	Checked integer power and IEEE floating power	audit/probes/claims/p24-power.hd ; audit/probes/claims/p25-power-overflow.hd	hd test audit/probes/claims/p24-power.hd ; hd check audit/probes/claims/p25-power-overflow.hd && hd run audit/probes/claims/p25-power-overflow.hd	verified	
C030	MVP_PLAN:35;README:81	char values carry Unicode scalars and compare in scalar order	test/fixtures/compiler/42-character-literals-carry-unicode-scalar-values-and-compare-in-scalar-ord.hd	hd run --entry main test/fixtures/compiler/42-character-literals-carry-unicode-scalar-values-and-compare-in-scalar-ord.hd	verified	
C031	MVP_PLAN:35;README:84-85	UTF-8 string concatenation and ordering	audit/probes/claims/p19-string-len-order.hd ; test/fixtures/compiler/40-strings-compare-by-utf-8-value-order.hd	hd test audit/probes/claims/p19-string-len-order.hd ; hd run --entry main test/fixtures/compiler/40-strings-compare-by-utf-8-value-order.hd	verified	
C032	MVP_PLAN:35-37;README:87-90	Interpolated segments use canonical Display in source order	audit/probes/claims/p16-interpolation-order.hd ; test/fixtures/compiler/39-string-interpolation-displays-built-ins-left-to-right.hd	hd test audit/probes/claims/p16-interpolation-order.hd ; hd run --entry main test/fixtures/compiler/39-string-interpolation-displays-built-ins-left-to-right.hd	verified	
C033	MVP_PLAN:37-38	Primitive Display uses shortest-round-trip float formatting	audit/probes/claims/p17-float-display.hd ; spec/conformance/runtime/valid/float-display.hd	hd test audit/probes/claims/p17-float-display.hd ; hd check spec/conformance/runtime/valid/float-display.hd && hd test spec/conformance/runtime/valid/float-display.hd	verified	
C034	MVP_PLAN:38-40;README:88	Generic bounds reuse ordinary Display dispatch (incl. standard primitive implementations)	audit/probes/claims/p92-primitive-bounds.hd	hd test audit/probes/claims/p92-primitive-bounds.hd	contradicted	primitives fail T: Display, T: PartialEq, T: PartialOrd bounds
C035	MVP_PLAN:39-40;README:89	Dynamic Display values dispatch through trait paths	spec/conformance/runtime/valid/display-dispatch.hd	hd check spec/conformance/runtime/valid/display-dispatch.hd && hd test spec/conformance/runtime/valid/display-dispatch.hd	verified	
C036	MVP_PLAN:40-42;README:241-242	string.split keeps empty pieces and splits an empty separator at scalar boundaries	audit/probes/claims/p18-split.hd ; test/fixtures/compiler/65-string-split-preserves-boundaries-and-unicode-scalars.hd	hd test audit/probes/claims/p18-split.hd ; hd run --entry separated test/fixtures/compiler/65-string-split-preserves-boundaries-and-unicode-scalars.hd && hd run --entry scalars test/fixtures/compiler/65-string-split-preserves-boundaries-and-unicode-scalars.hd && hd run --entry empty_input test/fixtures/compiler/65-string-split-preserves-boundaries-and-unicode-scalars.hd	verified	
C037	MVP_PLAN:42-44;README:91-93	println needs a lexical Console provider and streams UTF-8	test/fixtures/suspension/27-println-requires-console-and-streams-displayed-utf-8-through-the-host-bo.hd ; test/fixtures/suspension/27-println-requires-console-and-streams-displayed-utf-8-through-the-host-bo-missing-requirement.hd	hd check test/fixtures/suspension/27-println-requires-console-and-streams-displayed-utf-8-through-the-host-bo.hd ; hd check test/fixtures/suspension/27-println-requires-console-and-streams-displayed-utf-8-through-the-host-bo-missing-requirement.hd	verified	
C038	MVP_PLAN:45;README:118	Numeric access to unnamed shared enum fields	test/fixtures/compiler/41-strings-concatenate-and-unnamed-enum-fields-use-numeric-selectors.hd	hd run --entry main test/fixtures/compiler/41-strings-concatenate-and-unnamed-enum-fields-use-numeric-selectors.hd	verified	
C039	MVP_PLAN:45-47;README:85,119	Reference identity via ref.eq; sealed Reference bounds; canonical fieldless variants	audit/probes/claims/p46-identity.hd ; test/fixtures/compiler-types/identity/references/gc-identity.hd ; spec/conformance/typing/invalid/unbounded-generic-identity.hd	hd test audit/probes/claims/p46-identity.hd ; hd run --entry main test/fixtures/compiler-types/identity/references/gc-identity.hd ; hd check spec/conformance/typing/invalid/unbounded-generic-identity.hd	verified	
C040	spec 05:356-371 (README:85)	Identity is unaffected by mut access permission	audit/probes/claims/p93-identity-mut-operands.hd	hd test audit/probes/claims/p93-identity-mut-operands.hd	contradicted	mut operands rejected with identity-requires-references/type-mismatch
C041	MVP_PLAN:47-49;README:113-115	mut T weakens only toward T; readonly roots and edges checked	audit/probes/claims/p48-readonly-alias-shared.hd ; audit/probes/claims/p49-mutable-upgrade-rejected.hd ; audit/probes/claims/p50-readonly-root-write.hd ; spec/conformance/typing/invalid/missing-mutable-edge.hd	hd test audit/probes/claims/p48-readonly-alias-shared.hd ; hd check audit/probes/claims/p49-mutable-upgrade-rejected.hd ; hd check audit/probes/claims/p50-readonly-root-write.hd ; hd check spec/conformance/typing/invalid/missing-mutable-edge.hd	verified	
C042	MVP_PLAN:49	Direct-versus-generic field permission rule at construction and access	spec/conformance/typing/valid/generic-field-permission.hd ; spec/conformance/typing/invalid/readonly-generic-field-init.hd	hd check spec/conformance/typing/valid/generic-field-permission.hd ; hd check spec/conformance/typing/invalid/readonly-generic-field-init.hd	verified	
C043	MVP_PLAN:50;README:115	Field writes lower through mutable struct fields	test/fixtures/compiler/26-mutable-data-paths-weaken-one-way-and-share-wasm-gc-identity.hd	hd run --entry main test/fixtures/compiler/26-mutable-data-paths-weaken-one-way-and-share-wasm-gc-identity.hd	verified	
C044	MVP_PLAN:50-51;README:82-83	Heterogeneous tuples keep exact element types and erased array storage	audit/probes/claims/p36-tuple-binding-once.hd ; test/fixtures/compiler-types/tuples/heterogeneous/gc-storage.hd	hd test audit/probes/claims/p36-tuple-binding-once.hd ; hd run --entry main test/fixtures/compiler-types/tuples/heterogeneous/gc-storage.hd	verified	
C045	MVP_PLAN:51-52	Simultaneous tuple bindings stage the initializer once	audit/probes/claims/p36-tuple-binding-once.hd	hd test audit/probes/claims/p36-tuple-binding-once.hd	verified	
C046	MVP_PLAN:53-55;README:106-108	Binding expressions evaluate once, bind in the enclosing scope, diagnose conditional uses	audit/probes/claims/p37-binding-conditional-use.hd ; test/fixtures/compiler/61-binding-expressions-return-values-and-bind-in-enclosing-scope.hd ; spec/conformance/typing/invalid/possibly-uninitialized-binding.hd	hd check audit/probes/claims/p37-binding-conditional-use.hd ; hd run --entry main test/fixtures/compiler/61-binding-expressions-return-values-and-bind-in-enclosing-scope.hd ; hd check spec/conformance/typing/invalid/possibly-uninitialized-binding.hd	verified	
C047	MVP_PLAN:56-57;README:101-102	for loops evaluate the iterable once, keep map insertion order, bind tuples, support loop-else	audit/probes/claims/p32-map-order.hd ; audit/probes/claims/p35-loop-else-values.hd ; test/fixtures/compiler/24-for-loops-iterate-lists-and-maps-with-continue-destructuring-and-else-va.hd	hd test audit/probes/claims/p32-map-order.hd ; hd test audit/probes/claims/p35-loop-else-values.hd ; hd run --entry main test/fixtures/compiler/24-for-loops-iterate-lists-and-maps-with-continue-destructuring-and-else-va.hd	verified	
C048	MVP_PLAN:58-60;README:103-105	Comprehensions: left-to-right nested clauses, filters, duplicate map-key replacement	audit/probes/claims/p33-comprehension-order.hd ; test/fixtures/compiler/60-comprehensions-lower-nested-filters-and-map-replacement.hd	hd test audit/probes/claims/p33-comprehension-order.hd ; hd run --entry main test/fixtures/compiler/60-comprehensions-lower-nested-filters-and-map-replacement.hd	verified	
C049	MVP_PLAN:60-61;README:105	Suspension calls in comprehensions get suspension-forbidden-context	audit/probes/claims/p34-comprehension-suspension.hd ; test/fixtures/compiler/60-comprehensions-reject-suspension-calls.hd	hd check audit/probes/claims/p34-comprehension-suspension.hd ; hd check test/fixtures/compiler/60-comprehensions-reject-suspension-calls.hd	verified	
C050	MVP_PLAN:61-63;README:246	Mutable list/map roots support indexed replacement; readonly roots keep element permissions	test/fixtures/compiler/27-mutable-list-and-map-roots-support-indexed-replacement.hd ; spec/conformance/typing/invalid/readonly-list-element-replacement.hd ; spec/conformance/typing/invalid/readonly-map-entry-replacement.hd	hd run --entry main test/fixtures/compiler/27-mutable-list-and-map-roots-support-indexed-replacement.hd ; hd check spec/conformance/typing/invalid/readonly-list-element-replacement.hd ; hd check spec/conformance/typing/invalid/readonly-map-entry-replacement.hd	verified	
C051	MVP_PLAN:64;README:127-129	Optional/Result propagation with ?	audit/probes/claims/p54-propagation.hd ; test/fixtures/compiler/54-optionals-inject-plain-values-match-both-cases-and-propagate-nil.hd	hd test audit/probes/claims/p54-propagation.hd ; hd run --entry main test/fixtures/compiler/54-optionals-inject-plain-values-match-both-cases-and-propagate-nil.hd	verified	
C052	MVP_PLAN:64;README:243	Non-suspending defer runs LIFO after the return value, on break and continue	audit/probes/claims/p73-defer-order.hd ; spec/conformance/runtime/valid/defer-order.hd	hd test audit/probes/claims/p73-defer-order.hd ; hd check spec/conformance/runtime/valid/defer-order.hd && hd test spec/conformance/runtime/valid/defer-order.hd	verified	
C053	MVP_PLAN:65-67	Warnings unreachable-code, unused-local, variant-binding-name-mismatch are non-fatal	audit/probes/claims/p87-unused-local.hd ; audit/probes/claims/p88-unreachable.hd ; spec/conformance/typing/warnings/variant-binding-name-mismatch.hd	hd check audit/probes/claims/p87-unused-local.hd ; hd check audit/probes/claims/p88-unreachable.hd ; hd check spec/conformance/typing/warnings/variant-binding-name-mismatch.hd	verified	
C054	MVP_PLAN:67-68;README:259	Complete prelude namespace protected from declaration and binding shadowing	audit/probes/claims/p84-prelude-shadow.hd ; spec/conformance/typing/invalid/prelude-shadow.hd ; test/fixtures/compiler/19-shadow-result.hd	hd check audit/probes/claims/p84-prelude-shadow.hd ; hd check spec/conformance/typing/invalid/prelude-shadow.hd ; hd check test/fixtures/compiler/19-shadow-result.hd	verified	
C055	MVP_PLAN:68-69;README:62-63	Public signatures reject private type and requirement leaks	audit/probes/claims/p85-private-leak.hd ; spec/conformance/typing/invalid/private-requirement-row.hd	hd check audit/probes/claims/p85-private-leak.hd ; hd check spec/conformance/typing/invalid/private-requirement-row.hd	verified	
C056	MVP_PLAN:69-70;README:63-65	Public main rows checked against the Console host profile	spec/conformance/typing/invalid/nonhost-entry-requirement.hd ; spec/conformance/typing/valid/host-entry-requirement.hd	hd check spec/conformance/typing/invalid/nonhost-entry-requirement.hd ; hd check spec/conformance/typing/valid/host-entry-requirement.hd	verified	
C057	MVP_PLAN:71-74;README:66-68	Test blocks are checked as driver bodies with the same must-use rules and emitted as __hd_test_N exports	audit/probes/claims/p56-must-use-test-block.hd ; audit/evidence/02-claims/cli.log	hd check audit/probes/claims/p56-must-use-test-block.hd ; see cli.log (__hd_test_0)	verified	
C058	MVP_PLAN:74-77	Curated gate asserts stable diagnostics and executes panic cases through Wasm GC	audit/evidence/02-coverage/selected.tsv (209 all)	node --experimental-strip-types audit/scripts/coverage/runner.ts conformance test/portable/cases.tsv	verified	
C059	MVP_PLAN:78-80;README:57-59	Module bindings lower to typed globals; functions can reassign top-level let	audit/probes/claims/p40-module-reassign.hd ; test/fixtures/suspension/31-module-bindings-lower-to-wasm-globals-shared-with-declared-functions.hd	hd test audit/probes/claims/p40-module-reassign.hd ; hd check test/fixtures/suspension/31-module-bindings-lower-to-wasm-globals-shared-with-declared-functions.hd	verified	
C060	MVP_PLAN:80-81;README:59-60	Source-order visibility of module bindings in function bodies	spec/conformance/typing/invalid/forward-module-binding.hd	hd check spec/conformance/typing/invalid/forward-module-binding.hd	verified	
C061	MVP_PLAN:81-83;README:60	Top-level initializers are checked for transitive reads before initialization	audit/probes/claims/p39-module-transitive-read.hd ; spec/conformance/typing/invalid/transitive-uninitialized-binding.hd	hd check audit/probes/claims/p39-module-transitive-read.hd ; hd check spec/conformance/typing/invalid/transitive-uninitialized-binding.hd	verified	
C062	MVP_PLAN:83-85;README:60-61	A start function runs module initialization exactly once before main	audit/probes/claims/p38-module-init-once.hd ; audit/evidence/02-claims/cli.log ; spec/conformance/runtime/valid/module-initialization-before-main.hd	hd test audit/probes/claims/p38-module-init-once.hd ; see cli.log ((start) ; hd check spec/conformance/runtime/valid/module-initialization-before-main.hd && hd test spec/conformance/runtime/valid/module-initialization-before-main.hd	verified	
C063	MVP_PLAN:86-87;README:273-274	Unsupported interpolated values receive missing-display	audit/probes/claims/p89-missing-display.hd ; test/fixtures/compiler/display-requires-implementation.hd	hd check audit/probes/claims/p89-missing-display.hd ; hd check test/fixtures/compiler/display-requires-implementation.hd	verified	
C064	MVP_PLAN:86-89;README:134-138	Concrete row normalization and hidden provider threading with $.use and lexical $.with overrides	audit/probes/claims/p59-lexical-override.hd ; test/fixtures/requirements/lexical-override.hd ; test/fixtures/compiler-types/requirements/normalization/grouped.hd	hd test audit/probes/claims/p59-lexical-override.hd ; hd check test/fixtures/requirements/lexical-override.hd ; hd check test/fixtures/compiler-types/requirements/normalization/grouped.hd	verified	
C065	MVP_PLAN:89;README:195-196	Reusable GC-backed contexts and left-to-right context spreads	audit/probes/claims/p64-context-spread.hd ; test/fixtures/compiler-types/requirements/contexts.hd	hd test audit/probes/claims/p64-context-spread.hd ; hd run --entry main test/fixtures/compiler-types/requirements/contexts.hd	verified	
C066	MVP_PLAN:89;README:137	Ordered multi-provider tuple lookup	audit/probes/claims/p61-multi-use-order.hd ; test/fixtures/suspension/28-multi-provider-use-preserves-requested-tuple-order-through-wasm-gc.hd	hd test audit/probes/claims/p61-multi-use-order.hd ; hd run --entry main test/fixtures/suspension/28-multi-provider-use-preserves-requested-tuple-order-through-wasm-gc.hd	verified	
C067	MVP_PLAN:90-91;README:132-133	Escaping closures keep captured lexical providers	audit/probes/claims/p58-closure-provider-escape.hd ; test/fixtures/compiler-types/closures/provider-captures.hd	hd test audit/probes/claims/p58-closure-provider-escape.hd ; hd run --entry main test/fixtures/compiler-types/closures/provider-captures.hd	verified	
C068	MVP_PLAN:91-92;README:139-140	Requirement-bearing closure types with least-row inference	test/fixtures/compiler-types/closures/requirement-inference/inferred-row.hd ; test/fixtures/compiler-types/closures/requirements.hd	hd run --entry main test/fixtures/compiler-types/closures/requirement-inference/inferred-row.hd ; hd run --entry main test/fixtures/compiler-types/closures/requirements.hd	verified	
C069	MVP_PLAN:92;README:134-135	Transitive requirement-path explanations	audit/evidence/02-claims/cli.log ; test/fixtures/requirements/transitive-call-paths.hd	see cli.log (explain-requirements) ; hd check test/fixtures/requirements/transitive-call-paths.hd	verified	
C070	MVP_PLAN:92-94;README:141-143	Generic row inference, least-row union, symbolic subtraction, provider packs	test/fixtures/compiler-types/requirements/row-union.hd ; test/fixtures/compiler-types/requirements/row-pack.hd ; spec/conformance/typing/valid/row-subtraction-entailment.hd ; spec/conformance/typing/invalid/row-subtraction-unsound.hd	hd run --entry main test/fixtures/compiler-types/requirements/row-union.hd ; hd run --entry main test/fixtures/compiler-types/requirements/row-pack.hd ; hd check spec/conformance/typing/valid/row-subtraction-entailment.hd ; hd check spec/conformance/typing/invalid/row-subtraction-unsound.hd	verified	
C071	MVP_PLAN:94;README:143	Lexical restoration of a subtracted key	audit/probes/claims/p62-row-subtraction-restore.hd ; test/fixtures/compiler-types/requirements/row-subtraction/provider-restoration.hd	hd test audit/probes/claims/p62-row-subtraction-restore.hd ; hd run --entry main test/fixtures/compiler-types/requirements/row-subtraction/provider-restoration.hd	verified	
C072	MVP_PLAN:95	Repeated-row mismatch checking	test/fixtures/compiler-types/requirements/row-inference/conflicting-row.hd	hd check test/fixtures/compiler-types/requirements/row-inference/conflicting-row.hd	verified	
C073	MVP_PLAN:95-96;README:144	Non-fatal requirement-subtract-absent warning	spec/conformance/typing/warnings/requirement-subtract-absent.hd	hd check spec/conformance/typing/warnings/requirement-subtract-absent.hd	verified	
C074	MVP_PLAN:96-98;README:145-146	Erased generic marker traits as provider keys; collisions under substitution rejected	spec/conformance/typing/invalid/generic-requirement-key-collision.hd ; spec/conformance/typing/valid/distinct-requirement-keys.hd ; test/fixtures/compiler-types/requirements/generic-provider-keys/consistent-substitution.hd	hd check spec/conformance/typing/invalid/generic-requirement-key-collision.hd ; hd check spec/conformance/typing/valid/distinct-requirement-keys.hd ; hd check test/fixtures/compiler-types/requirements/generic-provider-keys/consistent-substitution.hd	verified	
C075	MVP_PLAN:101-102	Runtime profiles admit fixture-defined host capability traits as dynamic trait values	test/fixtures/suspension/32-host-provider-polls-record-and-replay.hd ; spec/conformance/runtime/valid/cancellation-runs-defer.hd	hd test --profile ready-gate test/fixtures/suspension/32-host-provider-polls-record-and-replay.hd ; hd check --profile pending-gate spec/conformance/runtime/valid/cancellation-runs-defer.hd && hd test --scenario cancellation-cleanup --profile pending-gate spec/conformance/runtime/valid/cancellation-runs-defer.hd	verified	
C076	MVP_PLAN:102-104;README:94-96,227-229	Suspending host methods pass i32/f64/bool/char/string arguments and results	test/fixtures/suspension/33-host-provider-scalar-arguments-and-results.hd ; test/fixtures/suspension/35-host-provider-f64-values-use-durable-bit-encoding.hd ; test/fixtures/suspension/36-host-provider-strings-use-utf8-boundary.hd ; audit/evidence/02-claims/host-token.log ; audit/evidence/02-claims/host-token.log ; audit/evidence/02-claims/host-token.log	hd test --profile ready-counter test/fixtures/suspension/33-host-provider-scalar-arguments-and-results.hd ; hd test --profile ready-float test/fixtures/suspension/35-host-provider-f64-values-use-durable-bit-encoding.hd ; hd test --profile ready-text test/fixtures/suspension/36-host-provider-strings-use-utf8-boundary.hd ; node --experimental-strip-types audit/scripts/coverage/host-token.ts	verified	bool/char checked via Node API probe host-token.ts
C077	MVP_PLAN:104-105	Poll, result retrieval and cancellation cross the host boundary; cleanup stays in Wasm	spec/conformance/runtime/valid/cancellation-runs-defer.hd	hd check --profile pending-gate spec/conformance/runtime/valid/cancellation-runs-defer.hd && hd test --scenario cancellation-cleanup --profile pending-gate spec/conformance/runtime/valid/cancellation-runs-defer.hd	verified	
C078	MVP_PLAN:108;README:95	Each host invocation has an opaque token; calls from the same site stay distinct	audit/evidence/02-claims/host-token.log ; audit/probes/claims/host/token-and-scalars.hd	node --experimental-strip-types audit/scripts/coverage/host-token.ts ; hd check audit/probes/claims/host/token-and-scalars.hd	verified	sequential calls only; concurrent calls need all!/race!, which are unsupported
C079	MVP_PLAN:110-111;README:197	Cold GC-frame construction: body does not run until driven	audit/probes/claims/p66-cold-construction.hd ; test/fixtures/suspension/01-suspending-functions-construct-gc-frames-and-bang-calls-drive-them.hd	hd test audit/probes/claims/p66-cold-construction.hd ; hd run --entry main test/fixtures/suspension/01-suspending-functions-construct-gc-frames-and-bang-calls-drive-them.hd	verified	
C080	MVP_PLAN:111;README:197	Construction-time provider capture, including child frames created later	spec/conformance/runtime/valid/construction-provider-capture.hd ; audit/probes/gates/s3-nested-provider-capture.hd	hd check spec/conformance/runtime/valid/construction-provider-capture.hd && hd test spec/conformance/runtime/valid/construction-provider-capture.hd ; hd check audit/probes/gates/s3-nested-provider-capture.hd && hd test audit/probes/gates/s3-nested-provider-capture.hd	verified	
C081	MVP_PLAN:111-112;README:199-200	One-shot state checks: second drive traps	audit/probes/claims/p67-second-drive.hd ; spec/conformance/runtime/panic/second-suspension-drive.hd	hd check audit/probes/claims/p67-second-drive.hd && hd run audit/probes/claims/p67-second-drive.hd ; hd check spec/conformance/runtime/panic/second-suspension-drive.hd && hd test spec/conformance/runtime/panic/second-suspension-drive.hd	verified	
C082	MVP_PLAN:112	Synchronous cancellation of cold suspensions is idempotent	test/fixtures/suspension/07-cold-suspension-cancellation-is-synchronous-and-idempotent.hd	hd run --entry main test/fixtures/suspension/07-cold-suspension-cancellation-is-synchronous-and-idempotent.hd	verified	
C083	MVP_PLAN:112-114;README:204-206	std.task.block_on drives a mutable stored suspension from non-suspending code	audit/probes/claims/p69-fn-bang-weakening.hd ; test/fixtures/suspension/29-imported-block-on-drives-stored-suspensions-and-rejects-nested-drivers.hd	hd test audit/probes/claims/p69-fn-bang-weakening.hd ; hd run --entry main test/fixtures/suspension/29-imported-block-on-drives-stored-suspensions-and-rejects-nested-drivers.hd	verified	
C084	MVP_PLAN:114-116;README:206	Driver guard rejects nested and competing drivers; reentrant poll/cancel rejected	audit/probes/claims/p72-block-on-nested.hd ; spec/conformance/runtime/panic/competing-suspension-drivers.hd ; spec/conformance/runtime/panic/reentrant-suspension-poll.hd ; spec/conformance/runtime/panic/reentrant-cancel.hd	hd check audit/probes/claims/p72-block-on-nested.hd && hd run audit/probes/claims/p72-block-on-nested.hd ; hd check spec/conformance/runtime/panic/competing-suspension-drivers.hd && hd test --scenario competing-drivers spec/conformance/runtime/panic/competing-suspension-drivers.hd ; hd check spec/conformance/runtime/panic/reentrant-suspension-poll.hd && hd test --scenario reentrant-poll spec/confo	verified	
C085	MVP_PLAN:116-120;README:201-203	Uniform Suspend[T] wrapper preserves identity through fields, optionals, generics, aliases	test/fixtures/compiler-types/identity/references/gc-identity.hd ; test/fixtures/suspension/34-stored-suspension-crosses-function-boundary.hd	hd run --entry main test/fixtures/compiler-types/identity/references/gc-identity.hd ; hd test test/fixtures/suspension/34-stored-suspension-crosses-function-boundary.hd	verified	
C086	MVP_PLAN:121-125;README:74-76	fn! values: ordinary calls construct, bang calls drive, weaken one way to fn(...) -> mut Suspend[T]	audit/probes/claims/p69-fn-bang-weakening.hd ; audit/probes/claims/p70-fn-bang-no-upgrade.hd ; test/fixtures/suspension/37-named-suspending-function-values-construct-stored-frames.hd ; test/fixtures/suspension/40-lowered-suspension-constructor-does-not-upgrade.hd	hd test audit/probes/claims/p69-fn-bang-weakening.hd ; hd check audit/probes/claims/p70-fn-bang-no-upgrade.hd ; hd test test/fixtures/suspension/37-named-suspending-function-values-construct-stored-frames.hd ; hd check test/fixtures/suspension/40-lowered-suspension-constructor-does-not-upgrade.hd	verified	
C087	MVP_PLAN:122-124	Capturing suspending closures are first-class and forward requirements	test/fixtures/suspension/38-suspending-closures-capture-values-in-gc-frames.hd ; test/fixtures/suspension/39-suspending-closure-values-forward-requirements.hd	hd test test/fixtures/suspension/38-suspending-closures-capture-values-in-gc-frames.hd ; hd test test/fixtures/suspension/39-suspending-closure-values-forward-requirements.hd	verified	
C088	MVP_PLAN:126-129;README:77-78	Waker is a sealed dynamic value; chapter-11 fixture type-checks and executes	spec/conformance/typing/valid/requirements-and-suspension.hd ; spec/conformance/typing/valid/requirements-and-suspension.hd	hd check spec/conformance/typing/valid/requirements-and-suspension.hd ; hd check && hd build --wat && hd test spec/conformance/typing/valid/requirements-and-suspension.hd	verified	
C089	MVP_PLAN:130-133;README:199	Child Pending propagates to the parent; locals spill and resume	test/fixtures/suspension/13-child-pending-propagates-through-the-parent-frame-and-restores-locals.hd ; test/fixtures/suspension/16-linear-suspension-frames-resume-across-multiple-child-sites.hd	hd run --entry main test/fixtures/suspension/13-child-pending-propagates-through-the-parent-frame-and-restores-locals.hd ; hd run --entry main test/fixtures/suspension/16-linear-suspension-frames-resume-across-multiple-child-sites.hd	verified	
C090	MVP_PLAN:133-136;README:215-217	Suspension CFG keeps left-to-right order through arguments, short-circuit, branches, loops, guards	audit/probes/claims/p65-suspension-arg-order.hd ; test/fixtures/suspension/18-cfg-suspension-lowering-preserves-nested-argument-order.hd ; test/fixtures/suspension/21-cfg-suspension-lowering-preserves-match-bindings-and-suspending-guards.hd	hd test audit/probes/claims/p65-suspension-arg-order.hd ; hd run --entry main test/fixtures/suspension/18-cfg-suspension-lowering-preserves-nested-argument-order.hd ; hd run --entry main test/fixtures/suspension/21-cfg-suspension-lowering-preserves-match-bindings-and-suspending-guards.hd	verified	
C091	MVP_PLAN:136-137;README:232-233	Started cancellation cancels the active child, then runs registered defer suites innermost first	audit/probes/gates/s3-cancel-order-3-frames.hd ; audit/probes/gates/s3-cancel-lifo-within-frame.hd ; audit/probes/gates/s3-cancel-unreached-defer.hd ; spec/conformance/runtime/valid/cancellation-unwinds-nested-frames.hd	hd check audit/probes/gates/s3-cancel-order-3-frames.hd && hd test --scenario cancellation-cleanup --pending-function wait audit/probes/gates/s3-cancel-order-3-frames.hd ; hd check audit/probes/gates/s3-cancel-lifo-within-frame.hd && hd test --scenario cancellation-cleanup --pending-function wait audit/probes/gates/s3-cancel-lifo-within-frame.hd ; hd check audit/probes/gates/s3-cancel-unreached-de	verified	
C092	MVP_PLAN:137-139;README:221-223	Portable scenario cancels root while a named nested frame is pending	spec/conformance/runtime/valid/cancellation-unwinds-nested-frames.hd ; spec/conformance/runtime/valid/cancellation-unwinds-suspending-closure.hd	hd check spec/conformance/runtime/valid/cancellation-unwinds-nested-frames.hd && hd test --scenario cancellation-cleanup --pending-function wait spec/conformance/runtime/valid/cancellation-unwinds-nested-frames.hd ; hd check --profile pending-gate spec/conformance/runtime/valid/cancellation-unwinds-suspending-closure.hd && hd test --scenario cancellation-cleanup --profile pending-gate spec/conform	verified	
C093	MVP_PLAN:139-140;README:218-220	Trace ABI exposes construct/poll/ready/cancel events	audit/evidence/02-claims/cli.log ; test/fixtures/suspension/10-suspension-state-transitions-are-observable-through-the-trace-abi.hd	see cli.log (trace) ; hd run --entry main test/fixtures/suspension/10-suspension-state-transitions-are-observable-through-the-trace-abi.hd	verified	
C094	MVP_PLAN:140-141;README:224-226	pending-gate profile observes provider-backed pending and cancellation	spec/conformance/runtime/valid/cancellation-runs-defer.hd	hd check --profile pending-gate spec/conformance/runtime/valid/cancellation-runs-defer.hd && hd test --scenario cancellation-cleanup --profile pending-gate spec/conformance/runtime/valid/cancellation-runs-defer.hd	verified	
C095	MVP_PLAN:142-144;README:272	all! and race! receive unsupported-task-combinator	audit/probes/claims/p71-task-combinator.hd ; test/fixtures/suspension/05-unresolved-race-task-combinator.hd	hd check audit/probes/claims/p71-task-combinator.hd ; hd check test/fixtures/suspension/05-unresolved-race-task-combinator.hd	verified	
C096	MVP_PLAN:146-148;README:210	assert preserves source argument order and traps on false	audit/probes/claims/p15-assert-arg-order.hd ; test/fixtures/compiler/assert-failure-panics.hd	hd test audit/probes/claims/p15-assert-arg-order.hd ; hd check test/fixtures/compiler/assert-failure-panics.hd && hd run test/fixtures/compiler/assert-failure-panics.hd	verified	
C097	MVP_PLAN:148-152;README:211-214	assert_equal: structural equality incl. order-independent maps; nominal and generic PartialEq; missing-partial-eq	audit/probes/claims/p43-equality-structural.hd ; spec/conformance/typing/invalid/assert-equal-non-eq.hd ; test/fixtures/suspension/30-imported-assert-equal-compares-supported-structural-values.hd	hd test audit/probes/claims/p43-equality-structural.hd ; hd check spec/conformance/typing/invalid/assert-equal-non-eq.hd ; hd run --entry main test/fixtures/suspension/30-imported-assert-equal-compares-supported-structural-values.hd	verified	
C098	MVP_PLAN:152	assert and assert_equal require the reason argument	test/fixtures/suspension/30-imported-assert-equal-compares-supported-structural-values-missing-partial-eq.hd ; audit/probes/claims/p94-assert-needs-reason.hd	hd check test/fixtures/suspension/30-imported-assert-equal-compares-supported-structural-values-missing-partial-eq.hd ; hd check audit/probes/claims/p94-assert-needs-reason.hd	verified	
C099	MVP_PLAN:154-158;README:262-266	Runtime failures cross the host with stable categories	audit/probes/claims/p21-overflow-panics.hd ; audit/probes/claims/p22-min-div-neg-one.hd ; audit/probes/claims/p23-div-zero.hd ; audit/probes/claims/p26-shift.hd ; audit/probes/claims/p27-list-bounds.hd ; audit/probes/claims/p28-iter-list-growth.hd ; audit/probes/claims/p74-panic-skips-defer.hd	hd check audit/probes/claims/p21-overflow-panics.hd && hd run audit/probes/claims/p21-overflow-panics.hd ; hd check audit/probes/claims/p22-min-div-neg-one.hd && hd run audit/probes/claims/p22-min-div-neg-one.hd ; hd check audit/probes/claims/p23-div-zero.hd && hd run audit/probes/claims/p23-div-zero.hd ; hd check audit/probes/claims/p26-shift.hd && hd run audit/probes/claims/p26-shift.hd ; hd che	verified	
C100	MVP_PLAN:160-162;README:147-149	Erased generics with anyref ABI, primitive boxing (incl. NaN/-0/extremes), inference through optional/Result	audit/probes/claims/p41-generic-nan-negzero.hd ; test/fixtures/compiler-types/generics/functions/inference-and-boxing.hd ; test/fixtures/compiler-types/generics/option-result.hd	hd test audit/probes/claims/p41-generic-nan-negzero.hd ; hd run --entry main test/fixtures/compiler-types/generics/functions/inference-and-boxing.hd && hd run --entry float_value test/fixtures/compiler-types/generics/functions/inference-and-boxing.hd ; hd run --entry main test/fixtures/compiler-types/generics/option-result.hd	verified	
C101	MVP_PLAN:162-163;README:150-151	Generic suspending functions retain boxed values and dictionaries across polls	test/fixtures/suspension/02-generic-suspending-functions-box-frame-arguments-and-unbox-direct-or-sto.hd ; test/fixtures/suspension/03-generic-suspension-frames-retain-trait-dictionaries-across-child-polls.hd	hd run --entry main test/fixtures/suspension/02-generic-suspending-functions-box-frame-arguments-and-unbox-direct-or-sto.hd ; hd run --entry main test/fixtures/suspension/03-generic-suspension-frames-retain-trait-dictionaries-across-child-polls.hd	verified	
C102	MVP_PLAN:163-165;README:149	Higher-order generic callable adapters	test/fixtures/compiler-types/generics/callable-adapter.hd	hd run --entry main test/fixtures/compiler-types/generics/callable-adapter.hd	verified	
C103	MVP_PLAN:165-169;README:152-154	Traits: missing/mismatched/duplicate/ambiguous method checks, static dispatch, dynamic trait values	audit/probes/claims/p79-ambiguous-method.hd ; test/fixtures/compiler-types/traits/diagnostics/missing-method.hd ; test/fixtures/compiler-types/traits/diagnostics/mismatched-signature.hd ; test/fixtures/compiler-types/traits/dispatch.hd	hd check audit/probes/claims/p79-ambiguous-method.hd ; hd check test/fixtures/compiler-types/traits/diagnostics/missing-method.hd ; hd check test/fixtures/compiler-types/traits/diagnostics/mismatched-signature.hd ; hd run --entry main test/fixtures/compiler-types/traits/dispatch.hd	verified	
C104	MVP_PLAN:169-170;README:193-194	Trait values as lexical providers and inside generic requirement packs	test/fixtures/compiler-types/traits/providers.hd	hd run --entry main test/fixtures/compiler-types/traits/providers.hd	verified	
C105	MVP_PLAN:170-173;README:179-182	Independent dictionaries for multiple bounds, forwarding, returned T recovery	test/fixtures/compiler-types/traits/multiple-bounds/dictionary-forwarding.hd ; test/fixtures/compiler-types/traits/generic-bounds/dictionary-dispatch.hd	hd run --entry main test/fixtures/compiler-types/traits/multiple-bounds/dictionary-forwarding.hd ; hd run --entry main test/fixtures/compiler-types/traits/generic-bounds/dictionary-dispatch.hd	verified	
C106	MVP_PLAN:173-174;README:172-173	Default methods lower per target, call other methods, explicit overrides win	audit/probes/claims/p75-trait-default-override.hd ; test/fixtures/compiler-types/traits/defaults/override.hd	hd test audit/probes/claims/p75-trait-default-override.hd ; hd run --entry main test/fixtures/compiler-types/traits/defaults/override.hd	verified	
C107	MVP_PLAN:175-177;README:177-178	Suspending trait methods: static, dynamic, bound, stored, default, cancellation	test/fixtures/compiler-types/traits/suspending-dispatch.hd ; test/fixtures/compiler-types/traits/suspending-defaults.hd ; test/fixtures/compiler-types/traits/suspending-cancel.hd	hd run --entry main test/fixtures/compiler-types/traits/suspending-dispatch.hd ; hd run --entry main test/fixtures/compiler-types/traits/suspending-defaults.hd ; hd check test/fixtures/compiler-types/traits/suspending-cancel.hd	verified	
C108	MVP_PLAN:177-179;README:155-156	mut self enforced through static, dynamic, default and bounded calls	audit/probes/claims/p76-mut-self.hd ; audit/probes/claims/p77-mut-self-dynamic-runs.hd ; test/fixtures/compiler-types/traits/mutable-errors/readonly-dynamic.hd	hd check audit/probes/claims/p76-mut-self.hd ; hd test audit/probes/claims/p77-mut-self-dynamic-runs.hd ; hd check test/fixtures/compiler-types/traits/mutable-errors/readonly-dynamic.hd	verified	
C109	MVP_PLAN:179-180;README:207-209	std.resource.ResourceError[E] is a generic Operation(E) | Disposed enum	audit/probes/claims/p90-resource-error.hd ; test/fixtures/compiler/56-imported-resourceerror-is-a-generic-wasm-gc-enum.hd	hd test audit/probes/claims/p90-resource-error.hd ; hd run --entry main test/fixtures/compiler/56-imported-resourceerror-is-a-generic-wasm-gc-enum.hd	verified	
C110	MVP_PLAN:180-181;README:157-160	Inherent methods share the direct ABI incl. mutable, suspending, generic and duplicate-member checks	test/fixtures/compiler-types/traits/inherent-methods.hd ; spec/conformance/typing/invalid/duplicate-inherent-member.hd ; test/fixtures/compiler/64-generic-methods-infer-and-erase-type-arguments.hd	hd run --entry main test/fixtures/compiler-types/traits/inherent-methods.hd ; hd check spec/conformance/typing/invalid/duplicate-inherent-member.hd ; hd run --entry explicit_right test/fixtures/compiler/64-generic-methods-infer-and-erase-type-arguments.hd && hd run --entry inferred_right test/fixtures/compiler/64-generic-methods-infer-and-erase-type-arguments.hd && hd run --entry bounded_display t	verified	
C111	MVP_PLAN:182-185;README:168-171	Embedded fields promote fields and methods; bodyless trait opt-in; mutable promotion rejected	audit/probes/claims/p82-embedded-promotion.hd ; spec/conformance/typing/valid/embedded-trait-opt-in.hd ; spec/conformance/typing/invalid/embedded-mut-trait-bodyless.hd	hd test audit/probes/claims/p82-embedded-promotion.hd ; hd check spec/conformance/typing/valid/embedded-trait-opt-in.hd ; hd check spec/conformance/typing/invalid/embedded-mut-trait-bodyless.hd	verified	
C112	MVP_PLAN:188-189;README:161-162	Receiverless associated functions via Type::function	test/fixtures/compiler/66-associated-functions-use-qualified-static-calls.hd ; test/fixtures/suspension/42-suspending-associated-functions-preserve-generic-results.hd	hd run --entry month_days test/fixtures/compiler/66-associated-functions-use-qualified-static-calls.hd && hd run --entry selected test/fixtures/compiler/66-associated-functions-use-qualified-static-calls.hd ; hd test test/fixtures/suspension/42-suspending-associated-functions-preserve-generic-results.hd	verified	
C113	MVP_PLAN:189-192	Generic trait impls; explicit trait qualification resolves ambiguity; overlapping heads rejected	test/fixtures/compiler/69-trait-qualified-calls-select-ambiguous-methods.hd ; test/fixtures/compiler/70-generic-trait-qualified-calls-select-an-instantiation.hd ; test/fixtures/compiler/68-generic-implementation-heads-cannot-overlap.hd	hd run --entry qualified_total test/fixtures/compiler/69-trait-qualified-calls-select-ambiguous-methods.hd ; hd run --entry add_qualified test/fixtures/compiler/70-generic-trait-qualified-calls-select-an-instantiation.hd && hd run --entry add_dynamic test/fixtures/compiler/70-generic-trait-qualified-calls-select-an-instantiation.hd && hd run --entry add_bounded test/fixtures/compiler/70-generic-tr	verified	
C114	MVP_PLAN:193-199;README:163-167	Blanket impls materialize dictionaries for dynamic values and bounds, incl. nested dictionaries	audit/probes/claims/p81-blanket.hd ; test/fixtures/compiler/76-blanket-implementations-materialize-dynamic-and-bound-dictionaries.hd ; test/fixtures/compiler/76-bounded-blanket-implementations-capture-erased-dictionaries.hd ; test/fixtures/suspension/43-blanket-implementations-materialize-suspending-dictionaries.hd	hd test audit/probes/claims/p81-blanket.hd ; hd run --entry blanket_dynamic test/fixtures/compiler/76-blanket-implementations-materialize-dynamic-and-bound-dictionaries.hd && hd run --entry blanket_bound test/fixtures/compiler/76-blanket-implementations-materialize-dynamic-and-bound-dictionaries.hd && hd run --entry trait_argument_only_blanket test/fixtures/compiler/76-blanket-implementations-mate	verified	
C115	MVP_PLAN:200-202	Associated type bindings specialize Self::Item and T::Item projections	audit/probes/claims/p80-assoc-type.hd ; test/fixtures/compiler/72-associated-types-specialize-self-projections.hd	hd test audit/probes/claims/p80-assoc-type.hd ; hd run --entry projected_value test/fixtures/compiler/72-associated-types-specialize-self-projections.hd && hd run --entry concrete_projected_value test/fixtures/compiler/72-associated-types-specialize-self-projections.hd && hd run --entry bounded_projected_value test/fixtures/compiler/72-associated-types-specialize-self-projections.hd && hd run --en	verified	
C116	MVP_PLAN:203	Mutable bounds preserve root access and reject readonly arguments	test/fixtures/compiler/74-mutable-trait-bounds-preserve-root-access.hd ; test/fixtures/compiler/74-mutable-trait-bounds-reject-readonly-roots.hd	hd run --entry cleared_value test/fixtures/compiler/74-mutable-trait-bounds-preserve-root-access.hd ; hd check test/fixtures/compiler/74-mutable-trait-bounds-reject-readonly-roots.hd	verified	
C117	MVP_PLAN:203-205	Supertraits reject cycles and require the parent implementation	audit/probes/claims/p78-supertrait-cycle.hd ; spec/conformance/typing/invalid/supertrait-cycle.hd ; test/fixtures/compiler/73-supertraits-reject-missing-parent-implementations.hd	hd check audit/probes/claims/p78-supertrait-cycle.hd ; hd check spec/conformance/typing/invalid/supertrait-cycle.hd ; hd check test/fixtures/compiler/73-supertraits-reject-missing-parent-implementations.hd	verified	
C118	MVP_PLAN:205-208;README:174-176	Generic supertraits substitute parent arguments; widening only to matching parent instantiation	test/fixtures/compiler/77-generic-supertraits-substitute-parent-arguments.hd ; test/fixtures/compiler/77-generic-supertraits-reject-incompatible-upcasts.hd ; test/fixtures/compiler/78-bounded-blanket-supertraits-capture-parent-dictionaries.hd	hd run --entry generic_supertrait_direct test/fixtures/compiler/77-generic-supertraits-substitute-parent-arguments.hd && hd run --entry generic_supertrait_bound test/fixtures/compiler/77-generic-supertraits-substitute-parent-arguments.hd && hd run --entry generic_supertrait_dynamic test/fixtures/compiler/77-generic-supertraits-substitute-parent-arguments.hd && hd run --entry generic_supertrait_wid	verified	
C119	MVP_PLAN:208-211;README:187-189	Generic data: one erased layout, inferred or explicit type arguments	test/fixtures/compiler-types/data/generic/erased-layout.hd ; spec/conformance/runtime/valid/generic-data-embedding.hd	hd run --entry main test/fixtures/compiler-types/data/generic/erased-layout.hd ; hd check spec/conformance/runtime/valid/generic-data-embedding.hd && hd test spec/conformance/runtime/valid/generic-data-embedding.hd	verified	
C120	MVP_PLAN:211-212;README:190-192	Generic enums with erased payloads and recursive fields	test/fixtures/compiler-types/enums/generic/erased-payloads.hd	hd run --entry main test/fixtures/compiler-types/enums/generic/erased-payloads.hd	verified	
C121	MVP_PLAN:212-214;README:244-246	list[T]: literals, indexing, len, mutable append over growable storage	test/fixtures/compiler/28-mutable-lists-append-through-growable-wasm-gc-storage.hd ; test/fixtures/compiler/28-mutable-lists-append-through-growable-wasm-gc-storage-mutable-receiver-required.hd	hd run --entry main test/fixtures/compiler/28-mutable-lists-append-through-growable-wasm-gc-storage.hd ; hd check test/fixtures/compiler/28-mutable-lists-append-through-growable-wasm-gc-storage-mutable-receiver-required.hd	verified	
C122	MVP_PLAN:214-216;README:250-252	Iterators: next yields T?, stays exhausted, partly consumed cursor continues in for	audit/probes/claims/p31-iter-exhausted.hd ; spec/conformance/runtime/valid/list-iterator.hd	hd test audit/probes/claims/p31-iter-exhausted.hd ; hd check spec/conformance/runtime/valid/list-iterator.hd && hd test spec/conformance/runtime/valid/list-iterator.hd	verified	
C123	MVP_PLAN:216-218;README:252	Replacement is visible without invalidation; growth, insertion, removal invalidate	audit/probes/claims/p29-iter-map-replacement-ok.hd ; audit/probes/claims/p28-iter-list-growth.hd ; audit/probes/claims/p30-iter-map-remove.hd ; spec/conformance/runtime/panic/map-iterator-invalidated.hd	hd test audit/probes/claims/p29-iter-map-replacement-ok.hd ; hd check audit/probes/claims/p28-iter-list-growth.hd && hd run audit/probes/claims/p28-iter-list-growth.hd ; hd check audit/probes/claims/p30-iter-map-remove.hd && hd run audit/probes/claims/p30-iter-map-remove.hd ; hd check spec/conformance/runtime/panic/map-iterator-invalidated.hd && hd test spec/conformance/runtime/panic/map-iterator-	verified	
C124	MVP_PLAN:220-222;README:253-254	User Iterator[T] implementations drive for loops and comprehensions	audit/probes/claims/p83-iterator-impl.hd ; test/fixtures/compiler/63-generic-iterator-traits-drive-for-loops-and-comprehensions.hd	hd test audit/probes/claims/p83-iterator-impl.hd ; hd run --entry main test/fixtures/compiler/63-generic-iterator-traits-drive-for-loops-and-comprehensions.hd	verified	
C125	MVP_PLAN:223-226;README:247-249	map[K,V]: insertion order, duplicate replacement, get/index lookup, remove, scalar/string keys	audit/probes/claims/p32-map-order.hd ; test/fixtures/compiler/29-mutable-maps-grow-from-empty-storage-and-remove-entries-in-insertion-ord.hd ; spec/conformance/runtime/valid/map-insertion-order.hd	hd test audit/probes/claims/p32-map-order.hd ; hd run --entry main test/fixtures/compiler/29-mutable-maps-grow-from-empty-storage-and-remove-entries-in-insertion-ord.hd ; hd check spec/conformance/runtime/valid/map-insertion-order.hd && hd test spec/conformance/runtime/valid/map-insertion-order.hd	verified	
C126	MVP_PLAN:227-232;README:183-186	== / != through explicit PartialEq and generic dictionaries; structural composites; no implicit data equality	audit/probes/claims/p45-partialeq-generic-nested.hd ; audit/probes/claims/p43-equality-structural.hd ; audit/probes/claims/p44-no-implicit-equality.hd	hd test audit/probes/claims/p45-partialeq-generic-nested.hd ; hd test audit/probes/claims/p43-equality-structural.hd ; hd check audit/probes/claims/p44-no-implicit-equality.hd	verified	
C127	MVP_PLAN:233-236	PartialOrd: lexicographic tuples/lists, nil-first optionals, unordered float components make all four relational operators false	audit/probes/claims/p42-ordering-nan.hd ; audit/probes/claims/p91-f64-relational.hd	hd test audit/probes/claims/p42-ordering-nan.hd ; hd test audit/probes/claims/p91-f64-relational.hd	contradicted	f64 relational comparison crashes codegen (Binaryen parse error)
C128	MVP_PLAN:236-239	Comparison strategies nest through erased composites to element impls and bound dictionaries	audit/probes/claims/p45-partialeq-generic-nested.hd ; spec/conformance/runtime/valid/partial-ordering-dispatch.hd ; spec/conformance/runtime/valid/structural-ordering.hd	hd test audit/probes/claims/p45-partialeq-generic-nested.hd ; hd check spec/conformance/runtime/valid/partial-ordering-dispatch.hd && hd test spec/conformance/runtime/valid/partial-ordering-dispatch.hd ; hd check spec/conformance/runtime/valid/structural-ordering.hd && hd test spec/conformance/runtime/valid/structural-ordering.hd	verified	
C129	MVP_PLAN:241-245	Record/replay events carry a name-based site id that survives unrelated declaration insertion	audit/probes/gates/s5/round-trip.hd ; audit/probes/gates/s5/inserted-unrelated-before.hd ; audit/probes/gates/s5/inserted-unrelated-between.hd	node --experimental-strip-types audit/scripts/coverage/s5-replay.ts	verified	
C130	MVP_PLAN:245-246	Replay rejects changed executed functions	audit/probes/gates/s5/changed-executed-nonsuspending-helper.hd	node --experimental-strip-types audit/scripts/coverage/s5-replay.ts	contradicted	changed non-suspending helper replays silently with a new result (44); corroborates F-401
C131	MVP_PLAN:243 (source-derived code identity)	Replay accepts edits that do not change executed code (unexecuted helper, comment)	audit/probes/gates/s5/comment-inside-executed.hd	node --experimental-strip-types audit/scripts/coverage/s5-replay.ts	contradicted	comment-only edit inside an executed function breaks replay
C132	MVP_PLAN:246	Replay rejects incompatible provider configurations	audit/probes/gates/s5/host-changed-configuration.hd	node --experimental-strip-types audit/scripts/coverage/s5-replay.ts	verified	
C133	MVP_PLAN:245-247	Replay rejects missing and extra events	audit/probes/gates/s5/missing-event.hd ; audit/probes/gates/s5/extra-event.hd	node --experimental-strip-types audit/scripts/coverage/s5-replay.ts	verified	
C134	MVP_PLAN:250-252;README:228-229	Host replay restores recorded results without calling the host	audit/probes/gates/s5/host-round-trip.hd ; audit/probes/gates/s5/host-tampered-value-restored.hd	node --experimental-strip-types audit/scripts/coverage/s5-replay.ts	verified	
C135	MVP_PLAN:251-252	Replay checks recorded host arguments	audit/probes/gates/s5/host-changed-argument.hd ; audit/probes/gates/s5/host-tampered-argument.hd	node --experimental-strip-types audit/scripts/coverage/s5-replay.ts	verified	
C136	MVP_PLAN:252-255;README:97-98,230-231	Replay values: tagged integers, exact f64 bits incl. -0/inf/NaN, hex UTF-8	test/fixtures/suspension/35-host-provider-f64-values-use-durable-bit-encoding.hd ; test/fixtures/suspension/32-host-provider-polls-record-and-replay.hd	hd test --profile ready-float test/fixtures/suspension/35-host-provider-f64-values-use-durable-bit-encoding.hd ; hd test --profile ready-gate test/fixtures/suspension/32-host-provider-polls-record-and-replay.hd	verified	NaN/inf replay checked only in TS test (UNVERIFIED by CLI)
C137	MVP_PLAN:258-260;README:28-32	Every development command works through the packaged hd entrypoint	audit/evidence/02-claims/cli.log ; audit/evidence/02-claims/cli.log ; audit/evidence/02-claims/cli.log ; audit/evidence/02-claims/cli.log ; audit/probes/gates/s5/round-trip.hd	see cli.log (trace) ; see cli.log (explain-requirements) ; see cli.log (dump-hir) ; see cli.log ((start) ; node --experimental-strip-types audit/scripts/coverage/s5-replay.ts	verified	
C138	README:5-6,270-272	Features outside the current slice receive stable diagnostics (MVP goal 5)	audit/evidence/02-coverage/unselected-classified.tsv	node --experimental-strip-types audit/scripts/coverage/runner.ts conformance audit/evidence/02-coverage/unselected-manifest.tsv	contradicted	see 2.1: 7 of 51 deferred cases get unsupported-*
C139	README:41	Indentation-sensitive lexing with spans and structured diagnostics	spec/conformance/parse/invalid/tab-indentation.hd ; test/fixtures/frontend/13-tabs-and-inconsistent-dedents-are-rejected-by-the-lexer.hd	hd parse spec/conformance/parse/invalid/tab-indentation.hd ; hd check test/fixtures/frontend/13-tabs-and-inconsistent-dedents-are-rejected-by-the-lexer.hd	verified	
C140	README:55	Recursive-descent parser accepts the chapter-02 core grammar (inline if/else, relative use paths, positional payloads)	audit/evidence/02-coverage/unselected-classified.tsv	node --experimental-strip-types audit/scripts/coverage/runner.ts conformance audit/evidence/02-coverage/unselected-manifest.tsv	contradicted	5 parse/valid fixtures accepted by reference parser are rejected
C141	README:109	Lexical branch and loop scopes do not leak	test/fixtures/compiler/20-branch-scopes-do-not-leak-and-may-shadow-each-other-diagnostic.hd	hd check test/fixtures/compiler/20-branch-scopes-do-not-leak-and-may-shadow-each-other-diagnostic.hd	verified	
C142	README:122	Exhaustive boolean matching; guards do not contribute coverage	audit/probes/claims/p52-match-guard-coverage.hd ; test/fixtures/compiler/51-boolean-matches-are-exhaustive-and-lower-to-scalar-tests-diagnostic.hd	hd check audit/probes/claims/p52-match-guard-coverage.hd ; hd check test/fixtures/compiler/51-boolean-matches-are-exhaustive-and-lower-to-scalar-tests-diagnostic.hd	verified	
C143	README:128	Must-use checking of optional/Result	audit/probes/claims/p55-must-use.hd ; spec/conformance/typing/invalid/discarded-result.hd	hd check audit/probes/claims/p55-must-use.hd ; hd check spec/conformance/typing/invalid/discarded-result.hd	verified	
C144	README:238	string.len counts Unicode scalars	audit/probes/claims/p19-string-len-order.hd ; test/fixtures/compiler/38-strings-use-gc-byte-arrays-and-len-counts-unicode-scalars.hd	hd test audit/probes/claims/p19-string-len-order.hd ; hd run --entry main test/fixtures/compiler/38-strings-use-gc-byte-arrays-and-len-counts-unicode-scalars.hd	verified	
C145	README:239-240	Unicode trim and lower through the host bridge	audit/probes/claims/p20-trim-lower.hd ; test/fixtures/compiler/62-string-trim-and-lower-use-unicode-byte-bridge.hd	hd test audit/probes/claims/p20-trim-lower.hd ; hd run --entry main test/fixtures/compiler/62-string-trim-and-lower-use-unicode-byte-bridge.hd	verified	
C146	README:255	Typed HIR, readable WAT, Binaryen validation, V8 execution	audit/evidence/02-claims/cli.log ; audit/evidence/02-coverage/s1-wasm-gc.tsv	see cli.log (dump-hir) ; hd build --wat on each selected runtime fixture	verified	
C147	spec 07:230-234 (MVP_PLAN:24-25 closures)	Plain fn closures may not mutate captures	audit/probes/claims/c2-plain-closure-mutates-capture.hd ; audit/probes/claims/c2-plain-closure-assigns-let.hd	hd check audit/probes/claims/c2-plain-closure-mutates-capture.hd ; hd check audit/probes/claims/c2-plain-closure-assigns-let.hd	contradicted	accepted and executed (c2-plain-closure-mutation-runs)
C148	MVP_PLAN:161;README:81	i32 arithmetic is checked (overflow and division panics)	audit/probes/claims/p21-overflow-panics.hd ; audit/probes/claims/p22-min-div-neg-one.hd ; audit/probes/claims/p23-div-zero.hd	hd check audit/probes/claims/p21-overflow-panics.hd && hd run audit/probes/claims/p21-overflow-panics.hd ; hd check audit/probes/claims/p22-min-div-neg-one.hd && hd run audit/probes/claims/p22-min-div-neg-one.hd ; hd check audit/probes/claims/p23-div-zero.hd && hd run audit/probes/claims/p23-div-zero.hd	verified	
C149	MVP_PLAN:116-117	Suspend[T] cancel requires a mutable value	audit/probes/claims/p68-readonly-cancel.hd ; spec/conformance/typing/invalid/readonly-suspension-cancel.hd	hd check audit/probes/claims/p68-readonly-cancel.hd ; hd check spec/conformance/typing/invalid/readonly-suspension-cancel.hd	verified	
C150	README:116	Enum payloads may be unnamed positional parameters (spec 08:200)	audit/probes/claims/p95-positional-enum-payload.hd ; spec/conformance/typing/invalid/variant-result-owner.hd	hd test audit/probes/claims/p95-positional-enum-payload.hd ; hd check spec/conformance/typing/invalid/variant-result-owner.hd	contradicted	unnamed positional payload fails to parse
