runtime/valid/named-arguments-evaluate-in-source-order.hd	runtime
runtime/valid/short-circuit-and-conditional-evaluation.hd	runtime
runtime/valid/bang-call-arguments-before-body.hd	runtime
runtime/valid/operands-across-suspension-order.hd	runtime
runtime/valid/assignment-place-before-value.hd	runtime
runtime/valid/map-literal-and-comprehension-order.hd	runtime
runtime/valid/propagation-before-cleanup.hd	runtime
runtime/valid/cancellation-lifo-across-three-frames.hd	runtime
runtime/valid/cancellation-loop-and-branch-scopes.hd	runtime
runtime/valid/cancellation-provider-scope-cleanup.hd	runtime
runtime/valid/cancel-cold-and-completed-suspension.hd	runtime
runtime/panic/defer-cancels-active-ancestor.hd	runtime
typing/invalid/defer-transitive-block-on-plain-twin.hd	type
typing/invalid/defer-bang-call-cold-twin.hd	type
runtime/valid/nested-provider-restoration.hd	runtime
runtime/valid/row-subtraction-restores-provider.hd	runtime
runtime/valid/requirement-row-union-and-order.hd	runtime
typing/invalid/missing-requirement-cold-construction.hd	type
runtime/valid/provider-capture-timing.hd	runtime
typing/invalid/declared-generic-key-lexical-collision.hd	type
runtime/valid/i32-extremes-through-generics.hd	runtime
runtime/panic/generic-i32-overflow.hd	runtime
runtime/valid/i32-minimum-through-generic-optional.hd	runtime
runtime/valid/payload-free-variant-canonical.hd	runtime
typing/invalid/optional-identity.hd	type
typing/invalid/string-identity.hd	type
runtime/valid/closure-identity-per-evaluation.hd	runtime
runtime/valid/generic-mut-argument-preserved.hd	runtime
typing/invalid/short-binding-readonly-root.hd	type
typing/invalid/readonly-parent-mut-field-argument.hd	type
runtime/panic/for-map-insert-invalidates.hd	runtime
runtime/panic/for-map-remove-invalidates.hd	runtime
runtime/panic/exhausted-iterator-invalidated-by-growth.hd	runtime
runtime/panic/alias-growth-invalidates-readonly-iterator.hd	runtime
runtime/valid/iterator-shape-versus-value-changes.hd	runtime
runtime/valid/map-remove-absent-key.hd	runtime
runtime/valid/defaults-reference-earlier-parameters.hd	runtime
runtime/valid/copy-update-source-order-observed.hd	runtime
typing/invalid/readonly-spread-mut-field-twins.hd	type
runtime/valid/empty-string-operations.hd	runtime
runtime/valid/split-empty-input-nonempty-separator.hd	runtime
runtime/valid/interpolation-display-order.hd	runtime
parse/invalid/surrogate-unicode-escape.hd	parse
parse/invalid/out-of-range-unicode-escape.hd	parse
