typing/invalid/top-level-let-annotation-type-mismatch.hd	type
typing/invalid/readonly-closure-capture-mutation.hd	type
typing/invalid/readonly-loop-element-mutation.hd	type
typing/valid/mutable-loop-element-mutation.hd	type
runtime/valid/callee-and-operand-evaluation-order.hd	runtime
runtime/panic/block-on-completed-suspension.hd	runtime
runtime/panic/block-on-cancelled-suspension.hd	runtime
typing/invalid/row-parameter-propagates-callback-requirement.hd	type
typing/invalid/row-subtraction-keeps-other-keys.hd	type
runtime/panic/for-iterator-invalidated-via-helper.hd	runtime
runtime/valid/cancellation-skips-unreached-defer.hd	runtime
