typing/invalid/result-ok-payload-type-mismatch.hd	type	reject:type-mismatch	04-type-system.md#result-types
runtime/valid/discard-propagated-void-result.hd	runtime	accept	05-expressions.md#propagation
runtime/valid/no-entry-point-no-tests.hd	runtime	accept	10-modules.md#executable-entry-point
runtime/valid/result-entry-point-ok.hd	runtime	accept	10-modules.md#executable-entry-point
parse/valid/binding-same-line-if-else.hd	parse	accept	02-grammar.md#statements
typing/invalid/top-level-let-annotation-type-mismatch.hd	type	reject:type-mismatch	04-type-system.md#assignability-and-coercion
typing/invalid/readonly-closure-capture-mutation.hd	type	reject:readonly-root	04-type-system.md#mutable-paths
typing/invalid/readonly-loop-element-mutation.hd	type	reject:readonly-root	06-control-flow.md#for-loops
typing/valid/mutable-loop-element-mutation.hd	type	accept	06-control-flow.md#for-loops
runtime/valid/callee-and-operand-evaluation-order.hd	runtime	accept	05-expressions.md#calls
runtime/panic/block-on-completed-suspension.hd	runtime	panic:suspension-invalid-state	11-requirements-and-suspension.md#suspendt-protocol
runtime/panic/block-on-cancelled-suspension.hd	runtime	panic:suspension-invalid-state	11-requirements-and-suspension.md#suspendt-protocol
typing/invalid/row-parameter-propagates-callback-requirement.hd	type	reject:missing-requirement	11-requirements-and-suspension.md#requirement-polymorphism
typing/invalid/row-subtraction-keeps-other-keys.hd	type	reject:missing-requirement	11-requirements-and-suspension.md#requirement-rows
runtime/valid/f64-nan-ordering.hd	runtime	accept	05-expressions.md#unary-and-binary-operators
runtime/valid/f64-ordering-operators.hd	runtime	accept	05-expressions.md#unary-and-binary-operators
runtime/valid/tuple-ordering-nan-unordered.hd	runtime	accept	05-expressions.md#unary-and-binary-operators
runtime/panic/for-iterator-invalidated-via-helper.hd	runtime	panic:iterator-invalidated	06-control-flow.md#for-loops
runtime/valid/cancellation-skips-unreached-defer.hd	runtime	accept	06-control-flow.md#deferred-cleanup
runtime/valid/generic-partial-eq-bound-primitives.hd	runtime	accept	05-expressions.md#unary-and-binary-operators
