# commit bd985d7; command: node --experimental-strip-types audit/scripts/coverage/runner.ts conformance test/portable/cases.tsv audit/evidence/02-coverage/selected.tsv; date 2026-09-25T20:35:44.456Z
path	phase	expectation	verdict	codes	commands	failure	first_output
parse/valid/functions-and-closures.hd	parse	accept	PASS		hd parse spec/conformance/parse/valid/functions-and-closures.hd		/Users/hd/code/test/hd-lang/spec/conformance/parse/valid/functions-and-closures.hd: ok
parse/valid/expressions.hd	parse	accept	PASS		hd parse spec/conformance/parse/valid/expressions.hd		/Users/hd/code/test/hd-lang/spec/conformance/parse/valid/expressions.hd: ok
parse/valid/layout.hd	parse	accept	PASS		hd parse spec/conformance/parse/valid/layout.hd		/Users/hd/code/test/hd-lang/spec/conformance/parse/valid/layout.hd: ok
parse/valid/unicode-identifiers.hd	parse	accept	PASS		hd parse spec/conformance/parse/valid/unicode-identifiers.hd		/Users/hd/code/test/hd-lang/spec/conformance/parse/valid/unicode-identifiers.hd: ok
parse/valid/doc-comments.hd	parse	accept	PASS		hd parse spec/conformance/parse/valid/doc-comments.hd		/Users/hd/code/test/hd-lang/spec/conformance/parse/valid/doc-comments.hd: ok
parse/invalid/doc-comment-without-target.hd	parse	reject:doc-comment-without-target	PASS	doc-comment-without-target	hd parse spec/conformance/parse/invalid/doc-comment-without-target.hd		/Users/hd/code/test/hd-lang/spec/conformance/parse/invalid/doc-comment-without-target.hd:2:5: doc-comment-without-target: documentation comments cannot attach to executable statements
parse/invalid/mutable-field-modifier.hd	parse	reject:mutable-field-modifier	PASS	mutable-field-modifier	hd parse spec/conformance/parse/invalid/mutable-field-modifier.hd		/Users/hd/code/test/hd-lang/spec/conformance/parse/invalid/mutable-field-modifier.hd:2:9: mutable-field-modifier: data fields express mutable access in their type rather than with a field modifier
parse/invalid/mutable-embedded-field.hd	parse	reject:mutable-embedded-field	PASS	mutable-embedded-field	hd parse spec/conformance/parse/invalid/mutable-embedded-field.hd		/Users/hd/code/test/hd-lang/spec/conformance/parse/invalid/mutable-embedded-field.hd:5:9: mutable-embedded-field: data fields express mutable access in their type rather than with a field modifier
parse/invalid/old-struct-declaration.hd	parse	reject:old-struct-declaration	PASS	old-struct-declaration	hd parse spec/conformance/parse/invalid/old-struct-declaration.hd		/Users/hd/code/test/hd-lang/spec/conformance/parse/invalid/old-struct-declaration.hd:2:1: old-struct-declaration: 'struct' was replaced by 'data'
parse/invalid/declaration-without-let.hd	parse	reject:missing-let	PASS	missing-let	hd parse spec/conformance/parse/invalid/declaration-without-let.hd		/Users/hd/code/test/hd-lang/spec/conformance/parse/invalid/declaration-without-let.hd:2:5: missing-let: a typed mutable binding must begin with 'let'
parse/invalid/reserved-name-collision.hd	parse	reject:reserved-name	PASS	reserved-name	hd parse spec/conformance/parse/invalid/reserved-name-collision.hd		/Users/hd/code/test/hd-lang/spec/conformance/parse/invalid/reserved-name-collision.hd:1:8: reserved-name: 'shape' is reserved and cannot name a parameter
parse/invalid/old-import-declaration.hd	parse	reject:old-import-declaration	PASS	old-import-declaration	hd parse spec/conformance/parse/invalid/old-import-declaration.hd		/Users/hd/code/test/hd-lang/spec/conformance/parse/invalid/old-import-declaration.hd:2:1: old-import-declaration: 'import' was replaced by 'use'
parse/invalid/old-export-declaration.hd	parse	reject:old-export-declaration	PASS	old-export-declaration	hd parse spec/conformance/parse/invalid/old-export-declaration.hd		/Users/hd/code/test/hd-lang/spec/conformance/parse/invalid/old-export-declaration.hd:2:1: old-export-declaration: 'export' was replaced by 'pub use'
parse/invalid/pub-trait-method.hd	parse	reject:trait-method-visibility	PASS	trait-method-visibility	hd parse spec/conformance/parse/invalid/pub-trait-method.hd		/Users/hd/code/test/hd-lang/spec/conformance/parse/invalid/pub-trait-method.hd:2:5: trait-method-visibility: trait methods inherit the trait's visibility and cannot be declared pub
parse/valid/utf8-bom.hd	parse	accept	PASS		hd parse spec/conformance/parse/valid/utf8-bom.hd		/Users/hd/code/test/hd-lang/spec/conformance/parse/valid/utf8-bom.hd: ok
parse/invalid/tab-indentation.hd	parse	reject:tab-whitespace	PASS	tab-whitespace	hd parse spec/conformance/parse/invalid/tab-indentation.hd		/Users/hd/code/test/hd-lang/spec/conformance/parse/invalid/tab-indentation.hd:2:1: tab-whitespace: indentation must contain spaces only
parse/invalid/invalid-escape.hd	parse	reject:invalid-escape	PASS	invalid-escape	hd parse spec/conformance/parse/invalid/invalid-escape.hd		/Users/hd/code/test/hd-lang/spec/conformance/parse/invalid/invalid-escape.hd:2:10: invalid-escape: invalid escape sequence '\x'
parse/invalid/mid-file-bom.hd	parse	reject:unexpected-bom	PASS	unexpected-bom	hd parse spec/conformance/parse/invalid/mid-file-bom.hd		/Users/hd/code/test/hd-lang/spec/conformance/parse/invalid/mid-file-bom.hd:2:1: unexpected-bom: a byte-order mark is only allowed at the start of a file
parse/invalid/semicolon.hd	parse	reject:reserved-semicolon	PASS	reserved-semicolon	hd parse spec/conformance/parse/invalid/semicolon.hd		/Users/hd/code/test/hd-lang/spec/conformance/parse/invalid/semicolon.hd:2:14: reserved-semicolon: semicolon is reserved and cannot separate statements
parse/invalid/chained-comparison.hd	parse	reject:comparison-chaining	PASS	comparison-chaining	hd parse spec/conformance/parse/invalid/chained-comparison.hd		/Users/hd/code/test/hd-lang/spec/conformance/parse/invalid/chained-comparison.hd:2:21: comparison-chaining: comparisons do not chain
parse/invalid/positional-after-named.hd	parse	reject:argument-order	PASS	argument-order	hd parse spec/conformance/parse/invalid/positional-after-named.hd		/Users/hd/code/test/hd-lang/spec/conformance/parse/invalid/positional-after-named.hd:2:19: argument-order: positional arguments must precede named arguments
parse/invalid/named-pattern-before-positional.hd	parse	reject:pattern-order	PASS	pattern-order	hd parse spec/conformance/parse/invalid/named-pattern-before-positional.hd		/Users/hd/code/test/hd-lang/spec/conformance/parse/invalid/named-pattern-before-positional.hd:6:29: pattern-order: positional patterns must precede named patterns
parse/invalid/trailing-block-in-brackets.hd	parse	reject:trailing-block-position	PASS	trailing-block-position	hd parse spec/conformance/parse/invalid/trailing-block-in-brackets.hd		/Users/hd/code/test/hd-lang/spec/conformance/parse/invalid/trailing-block-in-brackets.hd:3:15: trailing-block-position: a trailing callback block is not valid inside brackets
parse/invalid/multi-binding-needs-parentheses.hd	parse	reject:multi-binding-needs-parentheses	PASS	multi-binding-needs-parentheses	hd parse spec/conformance/parse/invalid/multi-binding-needs-parentheses.hd		/Users/hd/code/test/hd-lang/spec/conformance/parse/invalid/multi-binding-needs-parentheses.hd:3:17: multi-binding-needs-parentheses: a multi-name binding inside delimiters must be parenthesized
parse/valid/reserved-receiver-names.hd	parse	accept	PASS		hd parse spec/conformance/parse/valid/reserved-receiver-names.hd		/Users/hd/code/test/hd-lang/spec/conformance/parse/valid/reserved-receiver-names.hd: ok
parse/valid/data-embedding.hd	parse	accept	PASS		hd parse spec/conformance/parse/valid/data-embedding.hd		/Users/hd/code/test/hd-lang/spec/conformance/parse/valid/data-embedding.hd: ok
parse/valid/test-block.hd	parse	accept	PASS		hd parse spec/conformance/parse/valid/test-block.hd		/Users/hd/code/test/hd-lang/spec/conformance/parse/valid/test-block.hd: ok
parse/valid/consecutive-trailing-block-calls.hd	parse	accept	PASS		hd parse spec/conformance/parse/valid/consecutive-trailing-block-calls.hd		/Users/hd/code/test/hd-lang/spec/conformance/parse/valid/consecutive-trailing-block-calls.hd: ok
parse/invalid/direct-variant-use.hd	parse	reject:direct-variant-use	PASS	direct-variant-use	hd parse spec/conformance/parse/invalid/direct-variant-use.hd		/Users/hd/code/test/hd-lang/spec/conformance/parse/invalid/direct-variant-use.hd:2:23: direct-variant-use: enum variants cannot be imported directly
parse/invalid/local-decorator.hd	parse	reject:decorator-not-top-level	PASS	decorator-not-top-level	hd parse spec/conformance/parse/invalid/local-decorator.hd		/Users/hd/code/test/hd-lang/spec/conformance/parse/invalid/local-decorator.hd:2:5: decorator-not-top-level: decorators are only valid on top-level declarations
parse/invalid/two-trailing-blocks.hd	parse	reject:trailing-block-position	PASS	trailing-block-position	hd parse spec/conformance/parse/invalid/two-trailing-blocks.hd		/Users/hd/code/test/hd-lang/spec/conformance/parse/invalid/two-trailing-blocks.hd:3:1: trailing-block-position: a call accepts only one trailing callback block
typing/valid/data-patterns.hd	type	accept	PASS		hd check spec/conformance/typing/valid/data-patterns.hd		/Users/hd/code/test/hd-lang/spec/conformance/typing/valid/data-patterns.hd: ok
typing/valid/data-types.hd	type	accept	PASS		hd check spec/conformance/typing/valid/data-types.hd		/Users/hd/code/test/hd-lang/spec/conformance/typing/valid/data-types.hd: ok
typing/valid/bindings.hd	type	accept	PASS		hd check spec/conformance/typing/valid/bindings.hd		/Users/hd/code/test/hd-lang/spec/conformance/typing/valid/bindings.hd: ok
typing/valid/fresh-mutable-values.hd	type	accept	PASS		hd check spec/conformance/typing/valid/fresh-mutable-values.hd		/Users/hd/code/test/hd-lang/spec/conformance/typing/valid/fresh-mutable-values.hd: ok
typing/valid/copy-update-permissions.hd	type	accept	PASS		hd check spec/conformance/typing/valid/copy-update-permissions.hd		/Users/hd/code/test/hd-lang/spec/conformance/typing/valid/copy-update-permissions.hd: ok
typing/valid/generic-field-permission.hd	type	accept	PASS		hd check spec/conformance/typing/valid/generic-field-permission.hd		/Users/hd/code/test/hd-lang/spec/conformance/typing/valid/generic-field-permission.hd: ok
typing/valid/generic-data-embedding.hd	type	accept	PASS		hd check spec/conformance/typing/valid/generic-data-embedding.hd		/Users/hd/code/test/hd-lang/spec/conformance/typing/valid/generic-data-embedding.hd: ok
typing/valid/equality.hd	type	accept	PASS		hd check spec/conformance/typing/valid/equality.hd		/Users/hd/code/test/hd-lang/spec/conformance/typing/valid/equality.hd: ok
typing/valid/comparison-traits.hd	type	accept	PASS		hd check spec/conformance/typing/valid/comparison-traits.hd		/Users/hd/code/test/hd-lang/spec/conformance/typing/valid/comparison-traits.hd: ok
typing/valid/composite-ordering.hd	type	accept	PASS		hd check spec/conformance/typing/valid/composite-ordering.hd		/Users/hd/code/test/hd-lang/spec/conformance/typing/valid/composite-ordering.hd: ok
runtime/valid/display-dispatch.hd	runtime	accept	PASS		hd check spec/conformance/runtime/valid/display-dispatch.hd && hd test spec/conformance/runtime/valid/display-dispatch.hd		/Users/hd/code/test/hd-lang/spec/conformance/runtime/valid/display-dispatch.hd: 1 passed
runtime/valid/float-display.hd	runtime	accept	PASS		hd check spec/conformance/runtime/valid/float-display.hd && hd test spec/conformance/runtime/valid/float-display.hd		/Users/hd/code/test/hd-lang/spec/conformance/runtime/valid/float-display.hd: 1 passed
runtime/valid/assert.hd	runtime	accept	PASS		hd check spec/conformance/runtime/valid/assert.hd && hd test spec/conformance/runtime/valid/assert.hd		/Users/hd/code/test/hd-lang/spec/conformance/runtime/valid/assert.hd: 3 passed
typing/valid/readonly-outer-mutable-field-init.hd	type	accept	PASS		hd check spec/conformance/typing/valid/readonly-outer-mutable-field-init.hd		/Users/hd/code/test/hd-lang/spec/conformance/typing/valid/readonly-outer-mutable-field-init.hd: ok
typing/valid/map-indexing.hd	type	accept	PASS		hd check spec/conformance/typing/valid/map-indexing.hd		/Users/hd/code/test/hd-lang/spec/conformance/typing/valid/map-indexing.hd: ok
typing/valid/readonly-list-mutable-elements.hd	type	accept	PASS		hd check spec/conformance/typing/valid/readonly-list-mutable-elements.hd		/Users/hd/code/test/hd-lang/spec/conformance/typing/valid/readonly-list-mutable-elements.hd: ok
typing/valid/generic-result-permission.hd	type	accept	PASS		hd check spec/conformance/typing/valid/generic-result-permission.hd		/Users/hd/code/test/hd-lang/spec/conformance/typing/valid/generic-result-permission.hd: ok
typing/valid/generic-argument-placeholder.hd	type	accept	PASS		hd check spec/conformance/typing/valid/generic-argument-placeholder.hd		/Users/hd/code/test/hd-lang/spec/conformance/typing/valid/generic-argument-placeholder.hd: ok
typing/valid/readonly-callable-mutable-result.hd	type	accept	PASS		hd check spec/conformance/typing/valid/readonly-callable-mutable-result.hd		/Users/hd/code/test/hd-lang/spec/conformance/typing/valid/readonly-callable-mutable-result.hd: ok
typing/valid/functions.hd	type	accept	PASS		hd check spec/conformance/typing/valid/functions.hd		/Users/hd/code/test/hd-lang/spec/conformance/typing/valid/functions.hd: ok
typing/valid/readonly-map-mutable-values.hd	type	accept	PASS		hd check spec/conformance/typing/valid/readonly-map-mutable-values.hd		/Users/hd/code/test/hd-lang/spec/conformance/typing/valid/readonly-map-mutable-values.hd: ok
typing/valid/row-polymorphic-callback.hd	type	accept	PASS		hd check spec/conformance/typing/valid/row-polymorphic-callback.hd		/Users/hd/code/test/hd-lang/spec/conformance/typing/valid/row-polymorphic-callback.hd: ok
typing/valid/requirements-and-suspension.hd	type	accept	PASS		hd check spec/conformance/typing/valid/requirements-and-suspension.hd		/Users/hd/code/test/hd-lang/spec/conformance/typing/valid/requirements-and-suspension.hd: ok
typing/valid/host-entry-requirement.hd	type	accept	PASS		hd check spec/conformance/typing/valid/host-entry-requirement.hd		/Users/hd/code/test/hd-lang/spec/conformance/typing/valid/host-entry-requirement.hd: ok
typing/valid/console-error-entry.hd	type	accept	PASS		hd check spec/conformance/typing/valid/console-error-entry.hd		/Users/hd/code/test/hd-lang/spec/conformance/typing/valid/console-error-entry.hd: ok
typing/valid/public-requirement-row.hd	type	accept	PASS		hd check spec/conformance/typing/valid/public-requirement-row.hd		/Users/hd/code/test/hd-lang/spec/conformance/typing/valid/public-requirement-row.hd: ok
typing/valid/explicit-discard-and-void-result.hd	type	accept	PASS	unused-local-binding	hd check spec/conformance/typing/valid/explicit-discard-and-void-result.hd		/Users/hd/code/test/hd-lang/spec/conformance/typing/valid/explicit-discard-and-void-result.hd: ok
typing/valid/optional-present-pattern.hd	type	accept	PASS		hd check spec/conformance/typing/valid/optional-present-pattern.hd		/Users/hd/code/test/hd-lang/spec/conformance/typing/valid/optional-present-pattern.hd: ok
typing/valid/stored-suspension-driving.hd	type	accept	PASS		hd check spec/conformance/typing/valid/stored-suspension-driving.hd		/Users/hd/code/test/hd-lang/spec/conformance/typing/valid/stored-suspension-driving.hd: ok
typing/valid/control-flow.hd	type	accept	PASS		hd check spec/conformance/typing/valid/control-flow.hd		/Users/hd/code/test/hd-lang/spec/conformance/typing/valid/control-flow.hd: ok
typing/valid/collections.hd	type	accept	PASS	unused-local-binding	hd check spec/conformance/typing/valid/collections.hd		/Users/hd/code/test/hd-lang/spec/conformance/typing/valid/collections.hd: ok
typing/valid/names-and-scopes.hd	type	accept	PASS		hd check spec/conformance/typing/valid/names-and-scopes.hd		/Users/hd/code/test/hd-lang/spec/conformance/typing/valid/names-and-scopes.hd: ok
typing/valid/partly-consumed-iterator.hd	type	accept	PASS		hd check spec/conformance/typing/valid/partly-consumed-iterator.hd		/Users/hd/code/test/hd-lang/spec/conformance/typing/valid/partly-consumed-iterator.hd: ok
typing/valid/iteration-protocol.hd	type	accept	PASS		hd check spec/conformance/typing/valid/iteration-protocol.hd		/Users/hd/code/test/hd-lang/spec/conformance/typing/valid/iteration-protocol.hd: ok
typing/valid/local-functions.hd	type	accept	PASS		hd check spec/conformance/typing/valid/local-functions.hd		/Users/hd/code/test/hd-lang/spec/conformance/typing/valid/local-functions.hd: ok
typing/valid/match-guards.hd	type	accept	PASS		hd check spec/conformance/typing/valid/match-guards.hd		/Users/hd/code/test/hd-lang/spec/conformance/typing/valid/match-guards.hd: ok
typing/valid/contextual-variants.hd	type	accept	PASS		hd check spec/conformance/typing/valid/contextual-variants.hd		/Users/hd/code/test/hd-lang/spec/conformance/typing/valid/contextual-variants.hd: ok
typing/valid/option-result.hd	type	accept	PASS		hd check spec/conformance/typing/valid/option-result.hd		/Users/hd/code/test/hd-lang/spec/conformance/typing/valid/option-result.hd: ok
typing/valid/recursive-local-closure.hd	type	accept	PASS		hd check spec/conformance/typing/valid/recursive-local-closure.hd		/Users/hd/code/test/hd-lang/spec/conformance/typing/valid/recursive-local-closure.hd: ok
typing/valid/defer-cleanup.hd	type	accept	PASS		hd check spec/conformance/typing/valid/defer-cleanup.hd		/Users/hd/code/test/hd-lang/spec/conformance/typing/valid/defer-cleanup.hd: ok
typing/valid/resource-disposed-result.hd	type	accept	PASS		hd check spec/conformance/typing/valid/resource-disposed-result.hd		/Users/hd/code/test/hd-lang/spec/conformance/typing/valid/resource-disposed-result.hd: ok
typing/valid/mutable-paths.hd	type	accept	PASS		hd check spec/conformance/typing/valid/mutable-paths.hd		/Users/hd/code/test/hd-lang/spec/conformance/typing/valid/mutable-paths.hd: ok
typing/valid/embedded-trait-opt-in.hd	type	accept	PASS		hd check spec/conformance/typing/valid/embedded-trait-opt-in.hd		/Users/hd/code/test/hd-lang/spec/conformance/typing/valid/embedded-trait-opt-in.hd: ok
typing/valid/module-bindings.hd	type	accept	PASS		hd check spec/conformance/typing/valid/module-bindings.hd		/Users/hd/code/test/hd-lang/spec/conformance/typing/valid/module-bindings.hd: ok
typing/valid/transitive-initialized-binding.hd	type	accept	PASS		hd check spec/conformance/typing/valid/transitive-initialized-binding.hd		/Users/hd/code/test/hd-lang/spec/conformance/typing/valid/transitive-initialized-binding.hd: ok
typing/invalid/forward-module-binding.hd	type	reject:binding-not-yet-visible	PASS	binding-not-yet-visible	hd check spec/conformance/typing/invalid/forward-module-binding.hd		/Users/hd/code/test/hd-lang/spec/conformance/typing/invalid/forward-module-binding.hd:2:5: binding-not-yet-visible: module binding 'count' is not visible before its binding point
typing/invalid/transitive-uninitialized-binding.hd	type	reject:top-level-read-before-initialization	PASS	top-level-read-before-initialization	hd check spec/conformance/typing/invalid/transitive-uninitialized-binding.hd		/Users/hd/code/test/hd-lang/spec/conformance/typing/invalid/transitive-uninitialized-binding.hd:1:1: top-level-read-before-initialization: top-level statement may read module binding 'names' before initialization
typing/invalid/possibly-uninitialized-binding.hd	type	reject:possibly-uninitialized-binding	PASS	possibly-uninitialized-binding	hd check spec/conformance/typing/invalid/possibly-uninitialized-binding.hd		/Users/hd/code/test/hd-lang/spec/conformance/typing/invalid/possibly-uninitialized-binding.hd:5:5: possibly-uninitialized-binding: binding 'name' may not have been initialized on this path
typing/invalid/implicit-data-equality.hd	type	reject:missing-partial-eq	PASS	missing-partial-eq	hd check spec/conformance/typing/invalid/implicit-data-equality.hd		/Users/hd/code/test/hd-lang/spec/conformance/typing/invalid/implicit-data-equality.hd:5:5: missing-partial-eq: type 'User' does not implement PartialEq
typing/invalid/implicit-data-ordering.hd	type	reject:missing-partial-ord	PASS	missing-partial-ord	hd check spec/conformance/typing/invalid/implicit-data-ordering.hd		/Users/hd/code/test/hd-lang/spec/conformance/typing/invalid/implicit-data-ordering.hd:5:5: missing-partial-ord: type 'Score' does not implement PartialOrd
typing/invalid/bare-variant-pattern.hd	type	reject:bare-variant-pattern	PASS	bare-variant-pattern	hd check spec/conformance/typing/invalid/bare-variant-pattern.hd		/Users/hd/code/test/hd-lang/spec/conformance/typing/invalid/bare-variant-pattern.hd:6:9: bare-variant-pattern: bare variant 'Ready' must be written as '.Ready' or 'State.Ready'
typing/invalid/nonexhaustive-match.hd	type	reject:nonexhaustive-match	PASS	nonexhaustive-match	hd check spec/conformance/typing/invalid/nonexhaustive-match.hd		/Users/hd/code/test/hd-lang/spec/conformance/typing/invalid/nonexhaustive-match.hd:6:5: nonexhaustive-match: match does not cover: Waiting
typing/invalid/top-level-return.hd	type	reject:return-outside-function	PASS	return-outside-function	hd check spec/conformance/typing/invalid/top-level-return.hd		/Users/hd/code/test/hd-lang/spec/conformance/typing/invalid/top-level-return.hd:2:1: return-outside-function: return is not valid at module top level
typing/invalid/recursive-closure-inferred-result.hd	type	reject:recursive-closure-needs-result-type	PASS	recursive-closure-needs-result-type	hd check spec/conformance/typing/invalid/recursive-closure-inferred-result.hd		/Users/hd/code/test/hd-lang/spec/conformance/typing/invalid/recursive-closure-inferred-result.hd:2:12: recursive-closure-needs-result-type: recursive closure 'sum' needs an explicit result type
typing/invalid/missing-return-value.hd	type	reject:missing-return-value	PASS	missing-return-value	hd check spec/conformance/typing/invalid/missing-return-value.hd		/Users/hd/code/test/hd-lang/spec/conformance/typing/invalid/missing-return-value.hd:2:5: missing-return-value: function 'invalid' may complete without an i32 value
typing/invalid/nonfinal-spread.hd	type	reject:nonfinal-positional-spread	PASS	nonfinal-positional-spread	hd check spec/conformance/typing/invalid/nonfinal-spread.hd		/Users/hd/code/test/hd-lang/spec/conformance/typing/invalid/nonfinal-spread.hd:5:21: nonfinal-positional-spread: a positional spread must be the final positional argument
typing/invalid/reassign-short-binding.hd	type	reject:non-reassignable-binding	PASS	non-reassignable-binding	hd check spec/conformance/typing/invalid/reassign-short-binding.hd		/Users/hd/code/test/hd-lang/spec/conformance/typing/invalid/reassign-short-binding.hd:3:5: non-reassignable-binding: binding 'name' is not reassignable
typing/invalid/reassign-parameter.hd	type	reject:non-reassignable-parameter-binding	PASS	non-reassignable-parameter-binding	hd check spec/conformance/typing/invalid/reassign-parameter.hd		/Users/hd/code/test/hd-lang/spec/conformance/typing/invalid/reassign-parameter.hd:2:5: non-reassignable-parameter-binding: binding 'value' is not reassignable
typing/invalid/discarded-suspension.hd	type	reject:discarded-must-use-value	PASS	discarded-must-use-value	hd check spec/conformance/typing/invalid/discarded-suspension.hd		/Users/hd/code/test/hd-lang/spec/conformance/typing/invalid/discarded-suspension.hd:4:5: discarded-must-use-value: a value of type 'suspend(0):i32' must be used or explicitly discarded
typing/invalid/float-literal-range.hd	type	reject:float-literal-range	PASS	float-literal-range	hd check spec/conformance/typing/invalid/float-literal-range.hd		/Users/hd/code/test/hd-lang/spec/conformance/typing/invalid/float-literal-range.hd:1:19: float-literal-range: floating-point literal is not finite
typing/invalid/heterogeneous-list.hd	type	reject:no-common-type	PASS	no-common-type	hd check spec/conformance/typing/invalid/heterogeneous-list.hd		/Users/hd/code/test/hd-lang/spec/conformance/typing/invalid/heterogeneous-list.hd:2:15: no-common-type: list elements have no common type: i32 and string
typing/invalid/invalid-map-key.hd	type	reject:invalid-map-key	PASS	invalid-map-key	hd check spec/conformance/typing/invalid/invalid-map-key.hd		/Users/hd/code/test/hd-lang/spec/conformance/typing/invalid/invalid-map-key.hd:3:12: invalid-map-key: type 'User' does not implement the MVP map-key contract
typing/invalid/float-map-key.hd	type	reject:invalid-map-key	PASS	invalid-map-key	hd check spec/conformance/typing/invalid/float-map-key.hd		/Users/hd/code/test/hd-lang/spec/conformance/typing/invalid/float-map-key.hd:2:13: invalid-map-key: type 'f64' does not implement the MVP map-key contract
typing/invalid/nonnumeric-unary-plus.hd	type	reject:nonnumeric-unary-plus	PASS	nonnumeric-unary-plus	hd check spec/conformance/typing/invalid/nonnumeric-unary-plus.hd		/Users/hd/code/test/hd-lang/spec/conformance/typing/invalid/nonnumeric-unary-plus.hd:2:12: nonnumeric-unary-plus: operator '+' requires a numeric operand
typing/invalid/readonly-suspension-cancel.hd	type	reject:mutable-receiver-required	PASS	mutable-receiver-required	hd check spec/conformance/typing/invalid/readonly-suspension-cancel.hd		/Users/hd/code/test/hd-lang/spec/conformance/typing/invalid/readonly-suspension-cancel.hd:6:5: mutable-receiver-required: a stored suspension must have an explicit mut Suspend[T] binding to be driven or cancelled
typing/invalid/user-suspend-implementation.hd	type	reject:sealed-trait-implementation	PASS	sealed-trait-implementation	hd check spec/conformance/typing/invalid/user-suspend-implementation.hd		/Users/hd/code/test/hd-lang/spec/conformance/typing/invalid/user-suspend-implementation.hd:3:1: sealed-trait-implementation: Suspend[T] is a sealed runtime protocol and cannot be implemented by user code
typing/invalid/guarded-match-not-exhaustive.hd	type	reject:nonexhaustive-match	PASS	nonexhaustive-match	hd check spec/conformance/typing/invalid/guarded-match-not-exhaustive.hd		/Users/hd/code/test/hd-lang/spec/conformance/typing/invalid/guarded-match-not-exhaustive.hd:6:5: nonexhaustive-match: match does not cover: Queued
typing/invalid/duplicate-data-pattern-field.hd	type	reject:duplicate-data-pattern-field	PASS	duplicate-data-pattern-field	hd check spec/conformance/typing/invalid/duplicate-data-pattern-field.hd		/Users/hd/code/test/hd-lang/spec/conformance/typing/invalid/duplicate-data-pattern-field.hd:6:22: duplicate-data-pattern-field: field 'name' appears more than once
typing/invalid/nonexhaustive-bool-match.hd	type	reject:nonexhaustive-match	PASS	nonexhaustive-match	hd check spec/conformance/typing/invalid/nonexhaustive-bool-match.hd		/Users/hd/code/test/hd-lang/spec/conformance/typing/invalid/nonexhaustive-bool-match.hd:2:5: nonexhaustive-match: match does not cover: false
typing/invalid/overload.hd	type	reject:duplicate-module-name	PASS	duplicate-module-name	hd check spec/conformance/typing/invalid/overload.hd		/Users/hd/code/test/hd-lang/spec/conformance/typing/invalid/overload.hd:2:1: duplicate-module-name: function 'value' is declared more than once
typing/invalid/redeclare-core-type.hd	type	reject:prelude-name-shadow	PASS	prelude-name-shadow	hd check spec/conformance/typing/invalid/redeclare-core-type.hd		/Users/hd/code/test/hd-lang/spec/conformance/typing/invalid/redeclare-core-type.hd:2:1: prelude-name-shadow: type 'i32' is provided by the prelude and cannot be redeclared
typing/invalid/prelude-shadow.hd	type	reject:prelude-name-shadow	PASS	prelude-name-shadow	hd check spec/conformance/typing/invalid/prelude-shadow.hd		/Users/hd/code/test/hd-lang/spec/conformance/typing/invalid/prelude-shadow.hd:1:1: prelude-name-shadow: type 'Display' is provided by the prelude and cannot be redeclared
typing/invalid/function-equality.hd	type	reject:unsupported-equality	PASS	unsupported-equality	hd check spec/conformance/typing/invalid/function-equality.hd		/Users/hd/code/test/hd-lang/spec/conformance/typing/invalid/function-equality.hd:2:5: unsupported-equality: function values do not support operator '=='
typing/invalid/unsaturated-enum-constructor.hd	type	reject:unsaturated-enum-constructor	PASS	unsaturated-enum-constructor	hd check spec/conformance/typing/invalid/unsaturated-enum-constructor.hd		/Users/hd/code/test/hd-lang/spec/conformance/typing/invalid/unsaturated-enum-constructor.hd:3:16: unsaturated-enum-constructor: variant 'NotFound' requires 1 argument
typing/invalid/contextual-variant-without-type.hd	type	reject:missing-contextual-enum-type	PASS	missing-contextual-enum-type	hd check spec/conformance/typing/invalid/contextual-variant-without-type.hd		/Users/hd/code/test/hd-lang/spec/conformance/typing/invalid/contextual-variant-without-type.hd:5:15: missing-contextual-enum-type: variant '.Queued' requires an expected enum type
typing/invalid/ambiguous-trait-method.hd	type	reject:ambiguous-method	PASS	ambiguous-method	hd check spec/conformance/typing/invalid/ambiguous-trait-method.hd		/Users/hd/code/test/hd-lang/spec/conformance/typing/invalid/ambiguous-trait-method.hd:17:5: ambiguous-method: method 'label' is supplied by multiple traits
typing/invalid/missing-trait-method.hd	type	reject:missing-trait-method	PASS	missing-trait-method	hd check spec/conformance/typing/invalid/missing-trait-method.hd		/Users/hd/code/test/hd-lang/spec/conformance/typing/invalid/missing-trait-method.hd:5:1: missing-trait-method: User does not implement Named.name
typing/invalid/trait-method-signature.hd	type	reject:trait-method-signature	PASS	trait-method-signature	hd check spec/conformance/typing/invalid/trait-method-signature.hd		/Users/hd/code/test/hd-lang/spec/conformance/typing/invalid/trait-method-signature.hd:7:5: trait-method-signature: method 'name' does not match Named.name
typing/invalid/readonly-mut-field-method.hd	type	reject:mutable-receiver-required	PASS	mutable-receiver-required	hd check spec/conformance/typing/invalid/readonly-mut-field-method.hd		/Users/hd/code/test/hd-lang/spec/conformance/typing/invalid/readonly-mut-field-method.hd:12:5: mutable-receiver-required: method 'rename' requires mutable access to Child
typing/invalid/duplicate-inherent-member.hd	type	reject:duplicate-inherent-member	PASS	duplicate-inherent-member	hd check spec/conformance/typing/invalid/duplicate-inherent-member.hd		/Users/hd/code/test/hd-lang/spec/conformance/typing/invalid/duplicate-inherent-member.hd:5:5: duplicate-inherent-member: inherent method 'User.name' is declared more than once
typing/invalid/embedded-mut-trait-bodyless.hd	type	reject:promoted-mutable-requirement	PASS	promoted-mutable-requirement	hd check spec/conformance/typing/invalid/embedded-mut-trait-bodyless.hd		/Users/hd/code/test/hd-lang/spec/conformance/typing/invalid/embedded-mut-trait-bodyless.hd:14:1: promoted-mutable-requirement: mutable requirement 'Resettable.reset' cannot be filled through an embedded readonly edge
typing/invalid/duplicate-generic-embedded-name.hd	type	reject:duplicate-embedded-field	PASS	duplicate-embedded-field	hd check spec/conformance/typing/invalid/duplicate-generic-embedded-name.hd		/Users/hd/code/test/hd-lang/spec/conformance/typing/invalid/duplicate-generic-embedded-name.hd:6:5: duplicate-embedded-field: field 'Box' is declared more than once
typing/invalid/duplicate-data-field.hd	type	reject:duplicate-field	PASS	duplicate-field	hd check spec/conformance/typing/invalid/duplicate-data-field.hd		/Users/hd/code/test/hd-lang/spec/conformance/typing/invalid/duplicate-data-field.hd:6:5: duplicate-field: field 'name' is supplied more than once
typing/invalid/present-pattern-nonoptional.hd	type	reject:optional-pattern-requires-optional	PASS	optional-pattern-requires-optional	hd check spec/conformance/typing/invalid/present-pattern-nonoptional.hd		/Users/hd/code/test/hd-lang/spec/conformance/typing/invalid/present-pattern-nonoptional.hd:3:9: optional-pattern-requires-optional: the present pattern requires an optional subject, found 'i32'
typing/invalid/missing-requirement.hd	type	reject:missing-requirement	PASS	missing-requirement	hd check spec/conformance/typing/invalid/missing-requirement.hd		/Users/hd/code/test/hd-lang/spec/conformance/typing/invalid/missing-requirement.hd:7:5: missing-requirement: call to 'query' requires Database
typing/invalid/bang-call-outside-suspension.hd	type	reject:bang-call-outside-suspension	PASS	bang-call-outside-suspension	hd check spec/conformance/typing/invalid/bang-call-outside-suspension.hd		/Users/hd/code/test/hd-lang/spec/conformance/typing/invalid/bang-call-outside-suspension.hd:5:5: bang-call-outside-suspension: a bang call requires a suspending driver context
typing/invalid/row-subtraction-unsound.hd	type	reject:missing-requirement	PASS	missing-requirement	hd check spec/conformance/typing/invalid/row-subtraction-unsound.hd		/Users/hd/code/test/hd-lang/spec/conformance/typing/invalid/row-subtraction-unsound.hd:5:5: missing-requirement: closure call requires row:r
typing/invalid/assert-equal-non-eq.hd	type	reject:missing-partial-eq	PASS	missing-partial-eq	hd check spec/conformance/typing/invalid/assert-equal-non-eq.hd		/Users/hd/code/test/hd-lang/spec/conformance/typing/invalid/assert-equal-non-eq.hd:8:18: missing-partial-eq: type 'Result[i32,Error]' does not implement PartialEq
typing/invalid/break-value-without-else.hd	type	reject:break-value-context	PASS	break-value-context	hd check spec/conformance/typing/invalid/break-value-without-else.hd		/Users/hd/code/test/hd-lang/spec/conformance/typing/invalid/break-value-without-else.hd:4:9: break-value-context: break values require a loop with an else suite
typing/invalid/reimport-prelude-name.hd	type	reject:prelude-name-shadow	PASS	prelude-name-shadow	hd check spec/conformance/typing/invalid/reimport-prelude-name.hd		/Users/hd/code/test/hd-lang/spec/conformance/typing/invalid/reimport-prelude-name.hd:1:1: prelude-name-shadow: import 'Display' shadows a prelude name
typing/invalid/suspension-forbidden-context.hd	type	reject:suspension-forbidden-context	PASS	suspension-forbidden-context	hd check spec/conformance/typing/invalid/suspension-forbidden-context.hd		/Users/hd/code/test/hd-lang/spec/conformance/typing/invalid/suspension-forbidden-context.hd:9:25: suspension-forbidden-context: default for 'invalid.value' cannot transitively start a suspension driver
typing/invalid/defer-block-on.hd	type	reject:suspension-forbidden-context	PASS	suspension-forbidden-context	hd check spec/conformance/typing/invalid/defer-block-on.hd		/Users/hd/code/test/hd-lang/spec/conformance/typing/invalid/defer-block-on.hd:12:14: suspension-forbidden-context: a defer suite cannot transitively start a suspension driver
typing/valid/row-subtraction-entailment.hd	type	accept	PASS		hd check spec/conformance/typing/valid/row-subtraction-entailment.hd		/Users/hd/code/test/hd-lang/spec/conformance/typing/valid/row-subtraction-entailment.hd: ok
typing/valid/provider-capturing-closure.hd	type	accept	PASS		hd check spec/conformance/typing/valid/provider-capturing-closure.hd		/Users/hd/code/test/hd-lang/spec/conformance/typing/valid/provider-capturing-closure.hd: ok
typing/valid/distinct-requirement-keys.hd	type	accept	PASS		hd check spec/conformance/typing/valid/distinct-requirement-keys.hd		/Users/hd/code/test/hd-lang/spec/conformance/typing/valid/distinct-requirement-keys.hd: ok
typing/valid/data-field-defaults.hd	type	accept	PASS		hd check spec/conformance/typing/valid/data-field-defaults.hd		/Users/hd/code/test/hd-lang/spec/conformance/typing/valid/data-field-defaults.hd: ok
typing/invalid/missing-required-data-field.hd	type	reject:missing-required-field	PASS	missing-required-field	hd check spec/conformance/typing/invalid/missing-required-data-field.hd		/Users/hd/code/test/hd-lang/spec/conformance/typing/invalid/missing-required-data-field.hd:5:9: missing-required-field: missing required field 'id'
typing/invalid/generic-requirement-key-collision.hd	type	reject:generic-requirement-key-collision	PASS	generic-requirement-key-collision	hd check spec/conformance/typing/invalid/generic-requirement-key-collision.hd		/Users/hd/code/test/hd-lang/spec/conformance/typing/invalid/generic-requirement-key-collision.hd:5:16: generic-requirement-key-collision: provider keys 'Repo[generic:T]' and 'Repo[generic:U]' can become identical after generic substitution
typing/warnings/requirement-subtract-absent.hd	type	warn:requirement-subtract-absent	PASS	requirement-subtract-absent	hd check spec/conformance/typing/warnings/requirement-subtract-absent.hd		/Users/hd/code/test/hd-lang/spec/conformance/typing/warnings/requirement-subtract-absent.hd: ok
typing/valid/string-semantics.hd	type	accept	PASS		hd check spec/conformance/typing/valid/string-semantics.hd		/Users/hd/code/test/hd-lang/spec/conformance/typing/valid/string-semantics.hd: ok
typing/invalid/string-indexing.hd	type	reject:unsupported-string-indexing	PASS	unsupported-string-indexing	hd check spec/conformance/typing/invalid/string-indexing.hd		/Users/hd/code/test/hd-lang/spec/conformance/typing/invalid/string-indexing.hd:2:5: unsupported-string-indexing: strings are not indexable; iterate Unicode scalars explicitly
typing/invalid/duplicate-trait-member.hd	type	reject:duplicate-trait-member	PASS	duplicate-trait-member	hd check spec/conformance/typing/invalid/duplicate-trait-member.hd		/Users/hd/code/test/hd-lang/spec/conformance/typing/invalid/duplicate-trait-member.hd:3:5: duplicate-trait-member: trait member 'name' is declared more than once
typing/invalid/mixed-numeric-power.hd	type	reject:mixed-numeric-types	PASS	mixed-numeric-types	hd check spec/conformance/typing/invalid/mixed-numeric-power.hd		/Users/hd/code/test/hd-lang/spec/conformance/typing/invalid/mixed-numeric-power.hd:2:5: mixed-numeric-types: integer and floating-point power operands cannot be mixed
typing/invalid/defer-suspends.hd	type	reject:suspending-defer	PASS	suspending-defer	hd check spec/conformance/typing/invalid/defer-suspends.hd		/Users/hd/code/test/hd-lang/spec/conformance/typing/invalid/defer-suspends.hd:6:9: suspending-defer: a defer suite cannot make a bang call
typing/invalid/top-level-defer.hd	type	reject:defer-outside-cleanup-scope	PASS	defer-outside-cleanup-scope	hd check spec/conformance/typing/invalid/top-level-defer.hd		/Users/hd/code/test/hd-lang/spec/conformance/typing/invalid/top-level-defer.hd:1:1: defer-outside-cleanup-scope: defer is only valid inside a function or closure body
typing/invalid/impure-data-default.hd	type	reject:impure-data-default	PASS	impure-data-default	hd check spec/conformance/typing/invalid/impure-data-default.hd		/Users/hd/code/test/hd-lang/spec/conformance/typing/invalid/impure-data-default.hd:10:18: impure-data-default: default for 'Counter.value' is not compile-time pure
typing/warnings/unreachable-code.hd	type	warn:unreachable-code	PASS	unreachable-code	hd check spec/conformance/typing/warnings/unreachable-code.hd		/Users/hd/code/test/hd-lang/spec/conformance/typing/warnings/unreachable-code.hd: ok
typing/warnings/unused-local-binding.hd	type	warn:unused-local-binding	PASS	unused-local-binding	hd check spec/conformance/typing/warnings/unused-local-binding.hd		/Users/hd/code/test/hd-lang/spec/conformance/typing/warnings/unused-local-binding.hd: ok
typing/warnings/variant-binding-name-mismatch.hd	type	warn:variant-binding-name-mismatch	PASS	variant-binding-name-mismatch	hd check spec/conformance/typing/warnings/variant-binding-name-mismatch.hd		/Users/hd/code/test/hd-lang/spec/conformance/typing/warnings/variant-binding-name-mismatch.hd: ok
typing/valid/named-variant-bindings.hd	type	accept	PASS		hd check spec/conformance/typing/valid/named-variant-bindings.hd		/Users/hd/code/test/hd-lang/spec/conformance/typing/valid/named-variant-bindings.hd: ok
typing/valid/shared-enum-defaults.hd	type	accept	PASS		hd check spec/conformance/typing/valid/shared-enum-defaults.hd		/Users/hd/code/test/hd-lang/spec/conformance/typing/valid/shared-enum-defaults.hd: ok
typing/valid/enums.hd	type	accept	PASS		hd check spec/conformance/typing/valid/enums.hd		/Users/hd/code/test/hd-lang/spec/conformance/typing/valid/enums.hd: ok
typing/valid/closure-identity.hd	type	accept	PASS		hd check spec/conformance/typing/valid/closure-identity.hd		/Users/hd/code/test/hd-lang/spec/conformance/typing/valid/closure-identity.hd: ok
typing/valid/reference-generic-identity.hd	type	accept	PASS		hd check spec/conformance/typing/valid/reference-generic-identity.hd		/Users/hd/code/test/hd-lang/spec/conformance/typing/valid/reference-generic-identity.hd: ok
typing/invalid/primitive-identity.hd	type	reject:identity-requires-references	PASS	identity-requires-references	hd check spec/conformance/typing/invalid/primitive-identity.hd		/Users/hd/code/test/hd-lang/spec/conformance/typing/invalid/primitive-identity.hd:2:5: identity-requires-references: identity comparison does not accept 'i32'
typing/invalid/tuple-identity.hd	type	reject:identity-requires-references	PASS	identity-requires-references	hd check spec/conformance/typing/invalid/tuple-identity.hd		/Users/hd/code/test/hd-lang/spec/conformance/typing/invalid/tuple-identity.hd:2:5: identity-requires-references: identity comparison does not accept '(i32,i32)'
typing/invalid/tuple-map-key.hd	type	reject:invalid-map-key	PASS	invalid-map-key	hd check spec/conformance/typing/invalid/tuple-map-key.hd		/Users/hd/code/test/hd-lang/spec/conformance/typing/invalid/tuple-map-key.hd:2:13: invalid-map-key: type '(i32,f64)' does not implement the MVP map-key contract
typing/invalid/unbounded-generic-identity.hd	type	reject:identity-needs-reference-bound	PASS	identity-needs-reference-bound	hd check spec/conformance/typing/invalid/unbounded-generic-identity.hd		/Users/hd/code/test/hd-lang/spec/conformance/typing/invalid/unbounded-generic-identity.hd:2:5: identity-needs-reference-bound: generic parameter 'T' requires a Reference bound for identity comparison
typing/invalid/readonly-generic-field-init.hd	type	reject:mutable-upgrade	PASS	mutable-upgrade	hd check spec/conformance/typing/invalid/readonly-generic-field-init.hd		/Users/hd/code/test/hd-lang/spec/conformance/typing/invalid/readonly-generic-field-init.hd:8:40: mutable-upgrade: readonly type 'Child' cannot initialize generic field 'mut:Child'
typing/invalid/readonly-spread-mutable-field.hd	type	reject:mutable-upgrade	PASS	mutable-upgrade	hd check spec/conformance/typing/invalid/readonly-spread-mutable-field.hd		/Users/hd/code/test/hd-lang/spec/conformance/typing/invalid/readonly-spread-mutable-field.hd:8:5: mutable-upgrade: construction of 'Parent' does not retain mutable access for every direct mutable field
typing/invalid/copy-update-readonly-child.hd	type	reject:readonly-edge	PASS	readonly-edge	hd check spec/conformance/typing/invalid/copy-update-readonly-child.hd		/Users/hd/code/test/hd-lang/spec/conformance/typing/invalid/copy-update-readonly-child.hd:9:5: readonly-edge: field 'name' cannot be assigned through readonly type 'Child'
typing/invalid/readonly-mutation.hd	type	reject:readonly-root	PASS	readonly-root	hd check spec/conformance/typing/invalid/readonly-mutation.hd		/Users/hd/code/test/hd-lang/spec/conformance/typing/invalid/readonly-mutation.hd:5:5: readonly-root: field 'name' cannot be assigned through readonly type 'User'
typing/invalid/readonly-function-result.hd	type	reject:readonly-argument-to-mutable-parameter	PASS	readonly-argument-to-mutable-parameter	hd check spec/conformance/typing/invalid/readonly-function-result.hd		/Users/hd/code/test/hd-lang/spec/conformance/typing/invalid/readonly-function-result.hd:11:12: readonly-argument-to-mutable-parameter: readonly argument 'User' cannot satisfy mutable parameter 'mut:User'
typing/invalid/mut-upgrade.hd	type	reject:mutable-upgrade	PASS	mutable-upgrade	hd check spec/conformance/typing/invalid/mut-upgrade.hd		/Users/hd/code/test/hd-lang/spec/conformance/typing/invalid/mut-upgrade.hd:5:29: mutable-upgrade: readonly type 'User' cannot be upgraded to 'mut:User'
typing/invalid/missing-mutable-edge.hd	type	reject:readonly-edge	PASS	readonly-edge	hd check spec/conformance/typing/invalid/missing-mutable-edge.hd		/Users/hd/code/test/hd-lang/spec/conformance/typing/invalid/missing-mutable-edge.hd:8:5: readonly-edge: field 'name' cannot be assigned through readonly type 'Profile'
typing/invalid/readonly-mut-field-reassignment.hd	type	reject:readonly-root	PASS	readonly-root	hd check spec/conformance/typing/invalid/readonly-mut-field-reassignment.hd		/Users/hd/code/test/hd-lang/spec/conformance/typing/invalid/readonly-mut-field-reassignment.hd:8:5: readonly-root: field 'child' cannot be assigned through readonly type 'Parent'
typing/invalid/readonly-mut-field-mutation.hd	type	reject:readonly-root	PASS	readonly-root	hd check spec/conformance/typing/invalid/readonly-mut-field-mutation.hd		/Users/hd/code/test/hd-lang/spec/conformance/typing/invalid/readonly-mut-field-mutation.hd:8:5: readonly-root: field 'name' cannot be assigned through readonly type 'Child'
typing/invalid/readonly-list-element-replacement.hd	type	reject:readonly-root	PASS	readonly-root	hd check spec/conformance/typing/invalid/readonly-list-element-replacement.hd		/Users/hd/code/test/hd-lang/spec/conformance/typing/invalid/readonly-list-element-replacement.hd:5:5: readonly-root: indexed assignment requires mutable access to 'list[mut:Child]'
typing/invalid/readonly-map-entry-replacement.hd	type	reject:readonly-root	PASS	readonly-root	hd check spec/conformance/typing/invalid/readonly-map-entry-replacement.hd		/Users/hd/code/test/hd-lang/spec/conformance/typing/invalid/readonly-map-entry-replacement.hd:5:5: readonly-root: indexed assignment requires mutable access to 'map[string,mut:Child]'
typing/invalid/partial-generic-arguments.hd	type	reject:partial-generic-arguments	PASS	partial-generic-arguments	hd check spec/conformance/typing/invalid/partial-generic-arguments.hd		/Users/hd/code/test/hd-lang/spec/conformance/typing/invalid/partial-generic-arguments.hd:4:10: partial-generic-arguments: function 'pair' expects 2 type arguments, received 1
typing/invalid/unresolved-generic-placeholder.hd	type	reject:unresolved-generic-placeholder	PASS	unresolved-generic-placeholder	hd check spec/conformance/typing/invalid/unresolved-generic-placeholder.hd		/Users/hd/code/test/hd-lang/spec/conformance/typing/invalid/unresolved-generic-placeholder.hd:4:10: unresolved-generic-placeholder: could not infer generic parameter T
typing/invalid/nonhost-entry-requirement.hd	type	reject:nonhost-entry-requirement	PASS	private-type-leak,nonhost-entry-requirement	hd check spec/conformance/typing/invalid/nonhost-entry-requirement.hd		/Users/hd/code/test/hd-lang/spec/conformance/typing/invalid/nonhost-entry-requirement.hd:3:5: private-type-leak: public function 'main' exposes private type or trait 'Database'
typing/invalid/private-requirement-row.hd	type	reject:private-type-leak	PASS	private-type-leak	hd check spec/conformance/typing/invalid/private-requirement-row.hd		/Users/hd/code/test/hd-lang/spec/conformance/typing/invalid/private-requirement-row.hd:3:5: private-type-leak: public function 'query' exposes private type or trait 'Database'
typing/invalid/private-type-leak.hd	type	reject:private-type-leak	PASS	private-type-leak	hd check spec/conformance/typing/invalid/private-type-leak.hd		/Users/hd/code/test/hd-lang/spec/conformance/typing/invalid/private-type-leak.hd:3:5: private-type-leak: public function 'reveal' exposes private type or trait 'Secret'
typing/invalid/nondisplay-entry-error.hd	type	reject:entry-error-not-display	PASS	private-type-leak,entry-error-not-display	hd check spec/conformance/typing/invalid/nondisplay-entry-error.hd		/Users/hd/code/test/hd-lang/spec/conformance/typing/invalid/nondisplay-entry-error.hd:3:5: private-type-leak: public function 'main' exposes private type or trait 'HiddenError'
typing/invalid/discarded-result.hd	type	reject:discarded-must-use-value	PASS	discarded-must-use-value	hd check spec/conformance/typing/invalid/discarded-result.hd		/Users/hd/code/test/hd-lang/spec/conformance/typing/invalid/discarded-result.hd:9:9: discarded-must-use-value: a value of type 'Result[i32,SaveError]' must be used or explicitly discarded
typing/invalid/impure-shared-enum-default.hd	type	reject:impure-enum-default	PASS	impure-enum-default	hd check spec/conformance/typing/invalid/impure-shared-enum-default.hd		/Users/hd/code/test/hd-lang/spec/conformance/typing/invalid/impure-shared-enum-default.hd:7:25: impure-enum-default: default for 'Status.code' is not compile-time pure
typing/invalid/shared-enum-default-order.hd	type	reject:enum-default-order	PASS	enum-default-order	hd check spec/conformance/typing/invalid/shared-enum-default-order.hd		/Users/hd/code/test/hd-lang/spec/conformance/typing/invalid/shared-enum-default-order.hd:1:28: enum-default-order: shared enum field 'phrase' follows a field with a default
runtime/panic/integer-divide-by-zero.hd	runtime	panic:integer-division-by-zero	PASS	panic:integer-division-by-zero	hd check spec/conformance/runtime/panic/integer-divide-by-zero.hd && hd test spec/conformance/runtime/panic/integer-divide-by-zero.hd		integer-division-by-zero: runtime panic
runtime/panic/signed-min-division-overflow.hd	runtime	panic:integer-overflow	PASS	panic:integer-overflow	hd check spec/conformance/runtime/panic/signed-min-division-overflow.hd && hd test spec/conformance/runtime/panic/signed-min-division-overflow.hd		integer-overflow: runtime panic
runtime/panic/nested-block-on.hd	runtime	panic:suspension-nested-driver	PASS	panic:suspension-nested-driver	hd check spec/conformance/runtime/panic/nested-block-on.hd && hd test spec/conformance/runtime/panic/nested-block-on.hd		suspension-nested-driver: runtime panic
runtime/panic/second-suspension-drive.hd	runtime	panic:suspension-invalid-state	PASS	panic:suspension-invalid-state	hd check spec/conformance/runtime/panic/second-suspension-drive.hd && hd test spec/conformance/runtime/panic/second-suspension-drive.hd		suspension-invalid-state: runtime panic
runtime/panic/test-block-on.hd	runtime	panic:suspension-nested-driver	PASS	panic:suspension-nested-driver	hd check spec/conformance/runtime/panic/test-block-on.hd && hd test spec/conformance/runtime/panic/test-block-on.hd		suspension-nested-driver: runtime panic
runtime/valid/construction-provider-capture.hd	runtime	accept	PASS		hd check spec/conformance/runtime/valid/construction-provider-capture.hd && hd test spec/conformance/runtime/valid/construction-provider-capture.hd		/Users/hd/code/test/hd-lang/spec/conformance/runtime/valid/construction-provider-capture.hd: 1 passed
runtime/valid/defer-order.hd	runtime	accept	PASS		hd check spec/conformance/runtime/valid/defer-order.hd && hd test spec/conformance/runtime/valid/defer-order.hd		/Users/hd/code/test/hd-lang/spec/conformance/runtime/valid/defer-order.hd: 1 passed
runtime/valid/map-insertion-order.hd	runtime	accept	PASS		hd check spec/conformance/runtime/valid/map-insertion-order.hd && hd test spec/conformance/runtime/valid/map-insertion-order.hd		/Users/hd/code/test/hd-lang/spec/conformance/runtime/valid/map-insertion-order.hd: 1 passed
runtime/valid/generic-data-embedding.hd	runtime	accept	PASS		hd check spec/conformance/runtime/valid/generic-data-embedding.hd && hd test spec/conformance/runtime/valid/generic-data-embedding.hd		/Users/hd/code/test/hd-lang/spec/conformance/runtime/valid/generic-data-embedding.hd: 1 passed
runtime/valid/partial-equality-dispatch.hd	runtime	accept	PASS		hd check spec/conformance/runtime/valid/partial-equality-dispatch.hd && hd test spec/conformance/runtime/valid/partial-equality-dispatch.hd		/Users/hd/code/test/hd-lang/spec/conformance/runtime/valid/partial-equality-dispatch.hd: 2 passed
runtime/valid/partial-ordering-dispatch.hd	runtime	accept	PASS		hd check spec/conformance/runtime/valid/partial-ordering-dispatch.hd && hd test spec/conformance/runtime/valid/partial-ordering-dispatch.hd		/Users/hd/code/test/hd-lang/spec/conformance/runtime/valid/partial-ordering-dispatch.hd: 1 passed
runtime/valid/structural-equality.hd	runtime	accept	PASS		hd check spec/conformance/runtime/valid/structural-equality.hd && hd test spec/conformance/runtime/valid/structural-equality.hd		/Users/hd/code/test/hd-lang/spec/conformance/runtime/valid/structural-equality.hd: 2 passed
runtime/valid/structural-ordering.hd	runtime	accept	PASS		hd check spec/conformance/runtime/valid/structural-ordering.hd && hd test spec/conformance/runtime/valid/structural-ordering.hd		/Users/hd/code/test/hd-lang/spec/conformance/runtime/valid/structural-ordering.hd: 2 passed
runtime/valid/list-iterator.hd	runtime	accept	PASS		hd check spec/conformance/runtime/valid/list-iterator.hd && hd test spec/conformance/runtime/valid/list-iterator.hd		/Users/hd/code/test/hd-lang/spec/conformance/runtime/valid/list-iterator.hd: 3 passed
runtime/panic/invalidated-iterator.hd	runtime	panic:iterator-invalidated	PASS	panic:iterator-invalidated	hd check spec/conformance/runtime/panic/invalidated-iterator.hd && hd test spec/conformance/runtime/panic/invalidated-iterator.hd		iterator-invalidated: runtime panic
runtime/valid/map-iterator.hd	runtime	accept	PASS		hd check spec/conformance/runtime/valid/map-iterator.hd && hd test spec/conformance/runtime/valid/map-iterator.hd		/Users/hd/code/test/hd-lang/spec/conformance/runtime/valid/map-iterator.hd: 2 passed
runtime/panic/map-iterator-invalidated.hd	runtime	panic:iterator-invalidated	PASS	panic:iterator-invalidated	hd check spec/conformance/runtime/panic/map-iterator-invalidated.hd && hd test spec/conformance/runtime/panic/map-iterator-invalidated.hd		iterator-invalidated: runtime panic
runtime/panic/for-loop-iterator-invalidated.hd	runtime	panic:iterator-invalidated	PASS	panic:iterator-invalidated	hd check spec/conformance/runtime/panic/for-loop-iterator-invalidated.hd && hd test spec/conformance/runtime/panic/for-loop-iterator-invalidated.hd		iterator-invalidated: runtime panic
runtime/panic/removed-map-iterator-invalidated.hd	runtime	panic:iterator-invalidated	PASS	panic:iterator-invalidated	hd check spec/conformance/runtime/panic/removed-map-iterator-invalidated.hd && hd test spec/conformance/runtime/panic/removed-map-iterator-invalidated.hd		iterator-invalidated: runtime panic
runtime/panic/explicit-panic.hd	runtime	panic:explicit-panic	PASS	panic:explicit-panic	hd check spec/conformance/runtime/panic/explicit-panic.hd && hd test spec/conformance/runtime/panic/explicit-panic.hd		explicit-panic: runtime panic
runtime/panic/integer-add-overflow.hd	runtime	panic:integer-overflow	PASS	panic:integer-overflow	hd check spec/conformance/runtime/panic/integer-add-overflow.hd && hd test spec/conformance/runtime/panic/integer-add-overflow.hd		integer-overflow: runtime panic
runtime/panic/invalid-shift.hd	runtime	panic:invalid-shift	PASS	panic:invalid-shift	hd check spec/conformance/runtime/panic/invalid-shift.hd && hd test spec/conformance/runtime/panic/invalid-shift.hd		invalid-shift: runtime panic
runtime/panic/list-index-out-of-bounds.hd	runtime	panic:index-out-of-bounds	PASS	panic:index-out-of-bounds	hd check spec/conformance/runtime/panic/list-index-out-of-bounds.hd && hd test spec/conformance/runtime/panic/list-index-out-of-bounds.hd		index-out-of-bounds: runtime panic
runtime/panic/integer-negation-overflow.hd	runtime	panic:integer-overflow	PASS	panic:integer-overflow	hd check spec/conformance/runtime/panic/integer-negation-overflow.hd && hd test spec/conformance/runtime/panic/integer-negation-overflow.hd		integer-overflow: runtime panic
runtime/panic/list-set-out-of-bounds.hd	runtime	panic:index-out-of-bounds	PASS	panic:index-out-of-bounds	hd check spec/conformance/runtime/panic/list-set-out-of-bounds.hd && hd test spec/conformance/runtime/panic/list-set-out-of-bounds.hd		index-out-of-bounds: runtime panic
runtime/panic/competing-suspension-drivers.hd	runtime	panic:suspension-competing-driver	PASS	panic:suspension-competing-driver	hd check spec/conformance/runtime/panic/competing-suspension-drivers.hd && hd test --scenario competing-drivers spec/conformance/runtime/panic/competing-suspension-drivers.hd		suspension-competing-driver: runtime panic
runtime/panic/reentrant-suspension-poll.hd	runtime	panic:suspension-reentrant-poll	PASS	panic:suspension-reentrant-poll	hd check spec/conformance/runtime/panic/reentrant-suspension-poll.hd && hd test --scenario reentrant-poll spec/conformance/runtime/panic/reentrant-suspension-poll.hd		suspension-reentrant-poll: runtime panic
runtime/panic/reentrant-cancel.hd	runtime	panic:suspension-reentrant-poll	PASS	panic:suspension-reentrant-poll	hd check spec/conformance/runtime/panic/reentrant-cancel.hd && hd test spec/conformance/runtime/panic/reentrant-cancel.hd		suspension-reentrant-poll: runtime panic
runtime/valid/module-initialization-before-main.hd	runtime	accept	PASS		hd check spec/conformance/runtime/valid/module-initialization-before-main.hd && hd test spec/conformance/runtime/valid/module-initialization-before-main.hd		/Users/hd/code/test/hd-lang/spec/conformance/runtime/valid/module-initialization-before-main.hd: 1 passed
runtime/valid/cancellation-unwinds-nested-frames.hd	runtime	accept	PASS		hd check spec/conformance/runtime/valid/cancellation-unwinds-nested-frames.hd && hd test --scenario cancellation-cleanup --pending-function wait spec/conformance/runtime/valid/cancellation-unwinds-nested-frames.hd		/Users/hd/code/test/hd-lang/spec/conformance/runtime/valid/cancellation-unwinds-nested-frames.hd: 1 passed
runtime/valid/cancellation-unwinds-suspending-closure.hd	runtime	accept	PASS		hd check --profile pending-gate spec/conformance/runtime/valid/cancellation-unwinds-suspending-closure.hd && hd test --scenario cancellation-cleanup --profile pending-gate spec/conformance/runtime/valid/cancellation-unwinds-suspending-closure.hd		/Users/hd/code/test/hd-lang/spec/conformance/runtime/valid/cancellation-unwinds-suspending-closure.hd: 1 passed
runtime/valid/cancellation-runs-defer.hd	runtime	accept	PASS		hd check --profile pending-gate spec/conformance/runtime/valid/cancellation-runs-defer.hd && hd test --scenario cancellation-cleanup --profile pending-gate spec/conformance/runtime/valid/cancellation-runs-defer.hd		/Users/hd/code/test/hd-lang/spec/conformance/runtime/valid/cancellation-runs-defer.hd: 1 passed
typing/valid/explicit-generic-method.hd	type	accept	PASS		hd check spec/conformance/typing/valid/explicit-generic-method.hd		/Users/hd/code/test/hd-lang/spec/conformance/typing/valid/explicit-generic-method.hd: ok
typing/invalid/partial-generic-method-arguments.hd	type	reject:partial-generic-arguments	PASS	partial-generic-arguments	hd check spec/conformance/typing/invalid/partial-generic-method-arguments.hd		/Users/hd/code/test/hd-lang/spec/conformance/typing/invalid/partial-generic-method-arguments.hd:9:10: partial-generic-arguments: method 'pair' expects 2 type arguments, received 1
typing/valid/blanket-impl-and-associated-function.hd	type	accept	PASS		hd check spec/conformance/typing/valid/blanket-impl-and-associated-function.hd		/Users/hd/code/test/hd-lang/spec/conformance/typing/valid/blanket-impl-and-associated-function.hd: ok
typing/invalid/permission-target-overlap.hd	type	reject:overlapping-impl	PASS	overlapping-impl	hd check spec/conformance/typing/invalid/permission-target-overlap.hd		/Users/hd/code/test/hd-lang/spec/conformance/typing/invalid/permission-target-overlap.hd:7:1: overlapping-impl: mut:Counter overlaps another Marker implementation after permission normalization
typing/invalid/orphan-impl.hd	type	reject:orphan-impl	PASS	orphan-impl	hd check spec/conformance/typing/invalid/orphan-impl.hd		/Users/hd/code/test/hd-lang/spec/conformance/typing/invalid/orphan-impl.hd:1:1: orphan-impl: implementation of nonlocal trait 'Display' for nonlocal type 'i32' is not allowed
typing/valid/trait-features.hd	type	accept	PASS		hd check spec/conformance/typing/valid/trait-features.hd		/Users/hd/code/test/hd-lang/spec/conformance/typing/valid/trait-features.hd: ok
typing/invalid/supertrait-cycle.hd	type	reject:supertrait-cycle	PASS	supertrait-cycle	hd check spec/conformance/typing/invalid/supertrait-cycle.hd		/Users/hd/code/test/hd-lang/spec/conformance/typing/invalid/supertrait-cycle.hd:1:1: supertrait-cycle: trait 'Left' participates in a supertrait cycle
typing/invalid/unsafe-dynamic-trait.hd	type	reject:trait-not-dynamically-safe	PASS	trait-not-dynamically-safe	hd check spec/conformance/typing/invalid/unsafe-dynamic-trait.hd		/Users/hd/code/test/hd-lang/spec/conformance/typing/invalid/unsafe-dynamic-trait.hd:5:19: trait-not-dynamically-safe: trait 'Convert' cannot be used as a dynamic value
