# commit bd985d7 base 4cc1312; command: node --experimental-strip-types audit/evidence/01-fixtures/markers.ts; date 2026-09-25
path	status	commits	phase	expectation	section	old_header_code	marker_kind	marker_code	marker_line	marker_count	code_match_cases	code_match_old	body_changed	body_diff_lines	code_in_section	code_in_chapter	marker_line_text
parse/invalid/chained-comparison.hd	M	78af8aa	parse	reject:comparison-chaining	02-grammar.md#expressions	error:comparison-chaining	diagnostic	comparison-chaining	2	1	true	true	no	0	false	false	inside := 0 < value < 10  # diagnostic: comparison-chaining
parse/invalid/declaration-without-let.hd	M	78af8aa	parse	reject:missing-let	02-grammar.md#statements	error:missing-let	diagnostic	missing-let	2	1	true	true	no	0	false	false	display_name: string = "Ada"  # diagnostic: missing-let
parse/invalid/direct-variant-use.hd	M	bd985d7	parse	reject:direct-variant-use	10-modules.md#use-forms	error:direct-variant-use	diagnostic	direct-variant-use	2	1	true	true	no	0	false	false	use pkg.status.{Status.Queued}  # diagnostic: direct-variant-use
parse/invalid/doc-comment-without-target.hd	M	78af8aa	parse	reject:doc-comment-without-target	01-lexical-structure.md#comments	error:doc-comment-without-target	diagnostic	doc-comment-without-target	2	1	true	true	no	0	false	true	## This cannot document an executable statement.  # diagnostic: doc-comment-without-target
parse/invalid/invalid-escape.hd	M	78af8aa	parse	reject:invalid-escape	01-lexical-structure.md#string-and-character-literals	error:invalid-escape	diagnostic	invalid-escape	2	1	true	true	no	0	false	false	value := "bad\xescape"  # diagnostic: invalid-escape
parse/invalid/local-decorator.hd	M	bd985d7	parse	reject:decorator-not-top-level	14-annotations.md#prefix-decorators	error:decorator-not-top-level	diagnostic	decorator-not-top-level	2	1	true	true	no	0	false	false	@Validation  # diagnostic: decorator-not-top-level
parse/invalid/mid-file-bom.hd	M	78af8aa	parse	reject:unexpected-bom	01-lexical-structure.md#processing-model	error:unexpected-bom	diagnostic	unexpected-bom	2	1	true	true	no	0	false	false	second := 2  # diagnostic: unexpected-bom
parse/invalid/multi-binding-needs-parentheses.hd	M	78af8aa	parse	reject:multi-binding-needs-parentheses	02-grammar.md#expressions	error:multi-binding-needs-parentheses	diagnostic	multi-binding-needs-parentheses	3	1	true	true	no	0	false	false	values := [a, b := pair()]  # diagnostic: multi-binding-needs-parentheses
parse/invalid/mutable-embedded-field.hd	M	78af8aa	parse	reject:mutable-embedded-field	08-data-and-enums.md#data-embedding	error:mutable-embedded-field	diagnostic	mutable-embedded-field	5	1	true	true	no	0	false	false	mut Base  # diagnostic: mutable-embedded-field
parse/invalid/mutable-field-modifier.hd	M	78af8aa	parse	reject:mutable-field-modifier	08-data-and-enums.md#data-declarations	error:mutable-field-modifier	diagnostic	mutable-field-modifier	2	1	true	true	no	0	false	false	mut name: string  # diagnostic: mutable-field-modifier
parse/invalid/named-pattern-before-positional.hd	M	78af8aa	parse	reject:pattern-order	02-grammar.md#patterns	error:pattern-order	diagnostic	pattern-order	6	1	true	true	no	0	false	false	Pair.Values(left=l, r) => l + r  # diagnostic: pattern-order
parse/invalid/old-export-declaration.hd	M	78af8aa	parse	reject:old-export-declaration	02-grammar.md#use-declarations	error:old-export-declaration	diagnostic	old-export-declaration	2	1	true	true	no	0	true	true	export pkg.user.types.{User}  # diagnostic: old-export-declaration
parse/invalid/old-import-declaration.hd	M	78af8aa	parse	reject:old-import-declaration	02-grammar.md#use-declarations	error:old-import-declaration	diagnostic	old-import-declaration	2	1	true	true	no	0	true	true	import pkg.user.types.{User}  # diagnostic: old-import-declaration
parse/invalid/old-struct-declaration.hd	M	78af8aa	parse	reject:old-struct-declaration	08-data-and-enums.md#data-declarations	error:old-struct-declaration	diagnostic	old-struct-declaration	2	1	true	true	no	0	false	true	struct Legacy: pass  # diagnostic: old-struct-declaration
parse/invalid/positional-after-named.hd	M	78af8aa	parse	reject:argument-order	02-grammar.md#calls-and-arguments	error:argument-order	diagnostic	argument-order	2	1	true	true	no	0	false	false	resize(width=640, 480)  # diagnostic: argument-order
parse/invalid/pub-trait-method.hd	M	78af8aa	parse	reject:trait-method-visibility	02-grammar.md#traits-and-implementations	error:trait-method-visibility	diagnostic	trait-method-visibility	2	1	true	true	no	0	false	false	pub fn to_string(self) -> string  # diagnostic: trait-method-visibility
parse/invalid/reserved-name-collision.hd	M	78af8aa	parse	reject:reserved-name	01-lexical-structure.md#keywords-and-reserved-words	error:reserved-name	diagnostic	reserved-name	1	1	true	true	no	0	false	false	fn bad(shape: i32) -> i32: shape  # diagnostic: reserved-name
parse/invalid/semicolon.hd	M	78af8aa	parse	reject:reserved-semicolon	01-lexical-structure.md#operators-and-delimiters	error:reserved-semicolon	diagnostic	reserved-semicolon	2	1	true	true	no	0	false	false	name := "Ada";  # diagnostic: reserved-semicolon
parse/invalid/tab-indentation.hd	M	78af8aa	parse	reject:tab-whitespace	01-lexical-structure.md#whitespace-and-indentation	error:tab-whitespace	diagnostic	tab-whitespace	2	1	true	true	no	0	false	false	pass  # diagnostic: tab-whitespace
parse/invalid/trailing-block-in-brackets.hd	M	78af8aa	parse	reject:trailing-block-position	02-grammar.md#calls-and-arguments	error:trailing-block-position	diagnostic	trailing-block-position	3	1	true	true	no	0	false	false	values := [run:  # diagnostic: trailing-block-position
parse/invalid/two-trailing-blocks.hd	M	bd985d7	parse	reject:trailing-block-position	07-functions.md#trailing-callback-blocks	error:trailing-block-position	diagnostic	trailing-block-position	3	1	true	true	no	0	false	false	:  # diagnostic: trailing-block-position
runtime/panic/competing-suspension-drivers.hd	M	bd985d7	runtime	panic:suspension-competing-driver	11-requirements-and-suspension.md#suspendt-protocol	panic:suspension-competing-driver	panic	suspension-competing-driver	5	1	true	true	no	0	true	true	_ := ready!()  # panic: suspension-competing-driver
runtime/panic/explicit-panic.hd	A	bd985d7	runtime	panic:explicit-panic	06-control-flow.md#runtime-panics	-	panic	explicit-panic	1	1	true	n/a	new	0	true	true	panic("requested failure")  # panic: explicit-panic
runtime/panic/for-loop-iterator-invalidated.hd	A	bd985d7	runtime	panic:iterator-invalidated	06-control-flow.md#for-loops	-	panic	iterator-invalidated	3	1	true	n/a	new	0	false	true	for value in values:  # panic: iterator-invalidated
runtime/panic/integer-add-overflow.hd	A	bd985d7	runtime	panic:integer-overflow	04-type-system.md#numeric-conversions	-	panic	integer-overflow	1	1	true	n/a	new	0	true	true	result := 2147483647 + 1  # panic: integer-overflow
runtime/panic/integer-divide-by-zero.hd	M	78af8aa	runtime	panic:integer-division-by-zero	05-expressions.md#unary-and-binary-operators	panic:integer-division-by-zero	panic	integer-division-by-zero	2	1	true	true	no	0	false	false	result := 10 / divisor  # panic: integer-division-by-zero
runtime/panic/integer-negation-overflow.hd	A	bd985d7	runtime	panic:integer-overflow	04-type-system.md#numeric-conversions	-	panic	integer-overflow	2	1	true	n/a	new	0	true	true	result := -minimum  # panic: integer-overflow
runtime/panic/invalid-shift.hd	A	bd985d7	runtime	panic:invalid-shift	05-expressions.md#unary-and-binary-operators	-	panic	invalid-shift	1	1	true	n/a	new	0	false	false	result := 1 << 32  # panic: invalid-shift
runtime/panic/invalidated-iterator.hd	M	bd985d7	runtime	panic:iterator-invalidated	06-control-flow.md#for-loops	panic:iterator-invalidated	panic	iterator-invalidated	5	1	true	true	no	0	false	true	_ := iterator.next()  # panic: iterator-invalidated
runtime/panic/list-index-out-of-bounds.hd	A	bd985d7	runtime	panic:index-out-of-bounds	05-expressions.md#indexing	-	panic	index-out-of-bounds	2	1	true	n/a	new	0	false	false	result := values[1]  # panic: index-out-of-bounds
runtime/panic/list-set-out-of-bounds.hd	A	bd985d7	runtime	panic:index-out-of-bounds	05-expressions.md#indexing	-	panic	index-out-of-bounds	2	1	true	n/a	new	0	false	false	values[1] = 2  # panic: index-out-of-bounds
runtime/panic/map-iterator-invalidated.hd	A	bd985d7	runtime	panic:iterator-invalidated	06-control-flow.md#for-loops	-	panic	iterator-invalidated	4	1	true	n/a	new	0	false	true	_ := iterator.next()  # panic: iterator-invalidated
runtime/panic/nested-block-on.hd	M	78af8aa	runtime	panic:suspension-nested-driver	11-requirements-and-suspension.md#suspending-functions	panic:suspension-nested-driver	panic	suspension-nested-driver	7	1	true	true	no	0	true	true	block_on(pending)  # panic: suspension-nested-driver
runtime/panic/reentrant-cancel.hd	M	bd985d7	runtime	panic:suspension-reentrant-poll	11-requirements-and-suspension.md#suspendt-protocol	panic:suspension-reentrant-poll	panic	suspension-reentrant-poll	17	1	true	true	no	0	true	true	_ := pending!()  # panic: suspension-reentrant-poll
runtime/panic/reentrant-suspension-poll.hd	M	bd985d7	runtime	panic:suspension-reentrant-poll	11-requirements-and-suspension.md#suspendt-protocol	panic:suspension-reentrant-poll	panic	suspension-reentrant-poll	5	1	true	true	no	0	true	true	_ := ready!()  # panic: suspension-reentrant-poll
runtime/panic/removed-map-iterator-invalidated.hd	A	bd985d7	runtime	panic:iterator-invalidated	06-control-flow.md#for-loops	-	panic	iterator-invalidated	4	1	true	n/a	new	0	false	true	_ := iterator.next()  # panic: iterator-invalidated
runtime/panic/second-suspension-drive.hd	M	78af8aa	runtime	panic:suspension-invalid-state	11-requirements-and-suspension.md#suspendt-protocol	panic:suspension-invalid-state	panic	suspension-invalid-state	8	1	true	true	no	0	true	true	_ := block_on(pending)  # panic: suspension-invalid-state
runtime/panic/signed-min-division-overflow.hd	M	78af8aa	runtime	panic:integer-overflow	04-type-system.md#numeric-conversions	panic:integer-overflow	panic	integer-overflow	3	1	true	true	no	0	true	true	minimum / -1  # panic: integer-overflow
runtime/panic/test-block-on.hd	M	78af8aa	runtime	panic:suspension-nested-driver	11-requirements-and-suspension.md#suspending-functions	panic:suspension-nested-driver	panic	suspension-nested-driver	7	1	true	true	no	0	true	true	block_on(pending)  # panic: suspension-nested-driver
runtime/valid/assert.hd	A	bd985d7	runtime	accept	10-modules.md#standard-testing	-	-	-	-	0	true(no-code)	n/a	new	0	n/a	n/a	-
runtime/valid/cancellation-runs-defer.hd	M	bd985d7	runtime	accept	11-requirements-and-suspension.md#cancellation	-	-	-	-	0	true(no-code)	true	yes	2	n/a	n/a	-
runtime/valid/cancellation-unwinds-nested-frames.hd	A	bd985d7	runtime	accept	11-requirements-and-suspension.md#suspendt-protocol	-	-	-	-	0	true(no-code)	n/a	new	0	n/a	n/a	-
runtime/valid/cancellation-unwinds-suspending-closure.hd	A	bd985d7	runtime	accept	11-requirements-and-suspension.md#cancellation	-	-	-	-	0	true(no-code)	n/a	new	0	n/a	n/a	-
runtime/valid/display-dispatch.hd	A	78af8aa	runtime	accept	05-expressions.md#literals	-	-	-	-	0	true(no-code)	n/a	new	0	n/a	n/a	-
runtime/valid/float-display.hd	A	78af8aa	runtime	accept	04-type-system.md#numeric-conversions	-	-	-	-	0	true(no-code)	n/a	new	0	n/a	n/a	-
runtime/valid/generic-data-embedding.hd	A	78af8aa	runtime	accept	08-data-and-enums.md#data-embedding	-	-	-	-	0	true(no-code)	n/a	new	0	n/a	n/a	-
runtime/valid/list-iterator.hd	A	bd985d7	runtime	accept	06-control-flow.md#for-loops	-	-	-	-	0	true(no-code)	n/a	new	0	n/a	n/a	-
runtime/valid/map-iterator.hd	A	bd985d7	runtime	accept	06-control-flow.md#for-loops	-	-	-	-	0	true(no-code)	n/a	new	0	n/a	n/a	-
runtime/valid/module-initialization-before-main.hd	A	bd985d7	runtime	accept	10-modules.md#module-initialization	-	-	-	-	0	true(no-code)	n/a	new	0	n/a	n/a	-
runtime/valid/partial-equality-dispatch.hd	A	bd985d7	runtime	accept	05-expressions.md#unary-and-binary-operators	-	-	-	-	0	true(no-code)	n/a	new	0	n/a	n/a	-
runtime/valid/partial-ordering-dispatch.hd	A	bd985d7	runtime	accept	09-traits.md#comparison-traits	-	-	-	-	0	true(no-code)	n/a	new	0	n/a	n/a	-
runtime/valid/structural-equality.hd	A	bd985d7	runtime	accept	05-expressions.md#unary-and-binary-operators	-	-	-	-	0	true(no-code)	n/a	new	0	n/a	n/a	-
runtime/valid/structural-ordering.hd	A	bd985d7	runtime	accept	05-expressions.md#unary-and-binary-operators	-	-	-	-	0	true(no-code)	n/a	new	0	n/a	n/a	-
typing/invalid/ambiguous-trait-method.hd	M	78af8aa	type	reject:ambiguous-method	09-traits.md#method-resolution	error:ambiguous-method	diagnostic	ambiguous-method	17	1	true	true	no	0	false	false	user.label()  # diagnostic: ambiguous-method
typing/invalid/annotation-direct-reentry.hd	M	bd985d7	type	reject:annotation-resolution-reentry	14-annotations.md#recursive-annotations	error:annotation-resolution-reentry	diagnostic	annotation-resolution-reentry	10	1	true	true	no	0	true	true	Validation::annotation(Node)  # diagnostic: annotation-resolution-reentry
typing/invalid/annotation-top-level-read.hd	M	bd985d7	type	reject:annotation-top-level-read	14-annotations.md#runtime-materialization	error:annotation-top-level-read	diagnostic	annotation-top-level-read	10	1	true	true	no	0	false	false	seed  # diagnostic: annotation-top-level-read
typing/invalid/assert-equal-non-eq.hd	M	bd985d7	type	reject:missing-partial-eq	10-modules.md#standard-testing	error:missing-partial-eq	diagnostic	missing-partial-eq	8	1	true	true	no	0	false	false	assert_equal(actual, Ok(1), reason="values match")  # diagnostic: missing-partial-eq
typing/invalid/bang-call-outside-suspension.hd	M	78af8aa	type	reject:bang-call-outside-suspension	11-requirements-and-suspension.md#suspending-functions	error:bang-call-outside-suspension	diagnostic	bang-call-outside-suspension	5	1	true	true	no	0	false	false	operation!()  # diagnostic: bang-call-outside-suspension
typing/invalid/bare-variant-pattern.hd	M	78af8aa	type	reject:bare-variant-pattern	06-control-flow.md#match-expressions	error:bare-variant-pattern	diagnostic	bare-variant-pattern	6	1	true	true	no	0	true	true	Ready => "ready"  # diagnostic: bare-variant-pattern
typing/invalid/break-value-without-else.hd	M	bd985d7	type	reject:break-value-context	06-control-flow.md#break-continue-and-loop-else	error:break-value-context	diagnostic	break-value-context	4	1	true	true	no	0	false	false	break value  # diagnostic: break-value-context
typing/invalid/configured-facet-not-annotator.hd	M	bd985d7	type	reject:decorator-not-annotator	14-annotations.md#prefix-decorators	error:decorator-not-annotator	diagnostic	decorator-not-annotator	4	1	true	true	no	0	false	false	@enabled()  # diagnostic: decorator-not-annotator
typing/invalid/contextual-variant-without-type.hd	M	78af8aa	type	reject:missing-contextual-enum-type	05-expressions.md#names	error:missing-contextual-enum-type	diagnostic	missing-contextual-enum-type	5	1	true	true	no	0	false	false	status := .Queued  # diagnostic: missing-contextual-enum-type
typing/invalid/contravariant-representation-change.hd	M	bd985d7	type	reject:variance-representation-change	04-type-system.md#variance	error:variance-representation-change	diagnostic	variance-representation-change	5	1	true	true	no	0	false	false	value  # diagnostic: variance-representation-change
typing/invalid/copy-update-readonly-child.hd	M	78af8aa	type	reject:readonly-edge	04-type-system.md#mutable-paths	error:readonly-edge	diagnostic	readonly-edge	9	1	true	true	no	0	false	false	copy.child.name = "new"  # diagnostic: readonly-edge
typing/invalid/covariant-gadt-result.hd	M	bd985d7	type	reject:invalid-variance	04-type-system.md#variance	error:invalid-variance	diagnostic	invalid-variance	5	1	true	true	no	0	false	false	IsMutUser -> Witness[mut User]  # diagnostic: invalid-variance
typing/invalid/data-annotator-map-build.hd	M	bd985d7	type	reject:annotation-build-signature	14-annotations.md#aggregate-annotators	error:annotation-build-signature	diagnostic	annotation-build-signature	21	1	true	true	no	0	false	false	fields: map[string, FieldValidator],  # diagnostic: annotation-build-signature
typing/invalid/defer-block-on.hd	M	bd985d7	type	reject:suspension-forbidden-context	06-control-flow.md#deferred-cleanup	error:suspension-forbidden-context	diagnostic	suspension-forbidden-context	12	1	true	true	no	0	true	true	_ := wait_now()  # diagnostic: suspension-forbidden-context
typing/invalid/defer-suspends.hd	M	78af8aa	type	reject:suspending-defer	06-control-flow.md#deferred-cleanup	error:suspending-defer	diagnostic	suspending-defer	6	1	true	true	no	0	true	true	cleanup!()  # diagnostic: suspending-defer
typing/invalid/derived-generic-bound.hd	M	bd985d7	type	reject:missing-derived-bound	09-traits.md#comparison-traits	error:missing-derived-bound	diagnostic	missing-derived-bound	6	1	true	true	no	0	false	false	left == right  # diagnostic: missing-derived-bound
typing/invalid/derived-hash-field-not-hash.hd	M	bd985d7	type	reject:field-not-hash	09-traits.md#comparison-traits	error:field-not-hash	diagnostic	field-not-hash	6	1	true	true	no	0	false	false	value: Opaque  # diagnostic: field-not-hash
typing/invalid/derived-total-order-float.hd	M	bd985d7	type	reject:field-not-eq	09-traits.md#comparison-traits	error:field-not-eq	diagnostic	field-not-eq	4	1	true	true	no	0	false	false	value: f64  # diagnostic: field-not-eq
typing/invalid/discarded-result.hd	M	78af8aa	type	reject:discarded-must-use-value	06-control-flow.md#blocks-and-completion	error:discarded-must-use-value	diagnostic	discarded-must-use-value	9	1	true	true	yes	1	true	true	save()  # diagnostic: discarded-must-use-value
typing/invalid/discarded-suspension.hd	M	78af8aa	type	reject:discarded-must-use-value	06-control-flow.md#blocks-and-completion	error:discarded-must-use-value	diagnostic	discarded-must-use-value	4	1	true	true	no	0	true	true	load()  # diagnostic: discarded-must-use-value
typing/invalid/duplicate-data-field.hd	M	78af8aa	type	reject:duplicate-field	08-data-and-enums.md#construction-and-access	error:duplicate-field	diagnostic	duplicate-field	6	1	true	true	no	0	false	true	name: "Grace",  # diagnostic: duplicate-field
typing/invalid/duplicate-data-pattern-field.hd	M	78af8aa	type	reject:duplicate-data-pattern-field	06-control-flow.md#match-expressions	error:duplicate-data-pattern-field	diagnostic	duplicate-data-pattern-field	6	1	true	true	no	0	false	false	User { name, name=alias } => alias  # diagnostic: duplicate-data-pattern-field
typing/invalid/duplicate-direct-annotation-impl.hd	M	bd985d7	type	reject:duplicate-annotation-impl	14-annotations.md#coherence-and-package-rules	error:duplicate-annotation-impl	diagnostic	duplicate-annotation-impl	30	1	true	true	no	0	false	false	annotate Validation for User:  # diagnostic: duplicate-annotation-impl
typing/invalid/duplicate-generic-embedded-name.hd	M	78af8aa	type	reject:duplicate-embedded-field	08-data-and-enums.md#data-embedding	error:duplicate-embedded-field	diagnostic	duplicate-embedded-field	6	1	true	true	no	0	false	false	Box[string]  # diagnostic: duplicate-embedded-field
typing/invalid/duplicate-inherent-member.hd	M	78af8aa	type	reject:duplicate-inherent-member	09-traits.md#inherent-implementations	error:duplicate-inherent-member	diagnostic	duplicate-inherent-member	5	1	true	true	no	0	true	true	fn name(self) -> string: "second"  # diagnostic: duplicate-inherent-member
typing/invalid/duplicate-trait-member.hd	M	78af8aa	type	reject:duplicate-trait-member	09-traits.md#trait-declarations	error:duplicate-trait-member	diagnostic	duplicate-trait-member	3	1	true	true	no	0	true	true	fn name(self) -> string  # diagnostic: duplicate-trait-member
typing/invalid/embedded-field-decorator-type.hd	M	bd985d7	type	reject:invalid-field-metadata	14-annotations.md#prefix-decorators	error:invalid-field-metadata	diagnostic	invalid-field-metadata	14	1	true	true	no	0	false	false	@label("timestamps")  # diagnostic: invalid-field-metadata
typing/invalid/embedded-mut-trait-bodyless.hd	M	78af8aa	type	reject:promoted-mutable-requirement	09-traits.md#embedding-and-trait-satisfaction	error:promoted-mutable-requirement	diagnostic	promoted-mutable-requirement	14	1	true	true	no	0	false	false	impl Resettable for Page  # diagnostic: promoted-mutable-requirement
typing/invalid/float-literal-range.hd	M	78af8aa	type	reject:float-literal-range	04-type-system.md#literal-types	error:float-literal-range	diagnostic	float-literal-range	1	1	true	true	no	0	false	false	large_exponent := 1.5e1_000  # diagnostic: float-literal-range
typing/invalid/float-map-key.hd	M	78af8aa	type	reject:invalid-map-key	04-type-system.md#map-key-types	error:invalid-map-key	diagnostic	invalid-map-key	2	1	true	true	no	0	false	false	let values: map[f64, string] = {}  # diagnostic: invalid-map-key
typing/invalid/forward-module-binding.hd	M	78af8aa	type	reject:binding-not-yet-visible	03-names-and-scopes.md#module-scope	error:binding-not-yet-visible	diagnostic	binding-not-yet-visible	2	1	true	true	no	0	false	false	count  # diagnostic: binding-not-yet-visible
typing/invalid/function-equality.hd	M	78af8aa	type	reject:unsupported-equality	05-expressions.md#unary-and-binary-operators	error:unsupported-equality	diagnostic	unsupported-equality	2	1	true	true	no	0	true	true	left == right  # diagnostic: unsupported-equality
typing/invalid/generic-requirement-key-collision.hd	M	78af8aa	type	reject:generic-requirement-key-collision	11-requirements-and-suspension.md#provider-scopes	error:generic-requirement-key-collision	diagnostic	generic-requirement-key-collision	5	1	true	true	no	0	true	true	$.with(Repo[U]=second):  # diagnostic: generic-requirement-key-collision
typing/invalid/guarded-match-not-exhaustive.hd	M	78af8aa	type	reject:nonexhaustive-match	06-control-flow.md#match-expressions	error:nonexhaustive-match	diagnostic	nonexhaustive-match	6	1	true	true	no	0	false	false	match status:  # diagnostic: nonexhaustive-match
typing/invalid/heterogeneous-list.hd	M	78af8aa	type	reject:no-common-type	05-expressions.md#list-and-map-expressions	error:no-common-type	diagnostic	no-common-type	2	1	true	true	no	0	false	false	values := [1, "one"]  # diagnostic: no-common-type
typing/invalid/implicit-data-equality.hd	M	78af8aa	type	reject:missing-partial-eq	05-expressions.md#unary-and-binary-operators	error:missing-partial-eq	diagnostic	missing-partial-eq	5	1	true	true	no	0	false	false	left == right  # diagnostic: missing-partial-eq
typing/invalid/implicit-data-ordering.hd	M	78af8aa	type	reject:missing-partial-ord	09-traits.md#comparison-traits	error:missing-partial-ord	diagnostic	missing-partial-ord	5	1	true	true	no	0	false	false	left > right  # diagnostic: missing-partial-ord
typing/invalid/impossible-gadt-pattern.hd	M	bd985d7	type	reject:impossible-gadt-pattern	13-gadts.md#pattern-refinement	error:impossible-gadt-pattern	diagnostic	impossible-gadt-pattern	9	1	true	true	no	0	false	false	Expr.BoolLit(value) => 0  # diagnostic: impossible-gadt-pattern
typing/invalid/impure-data-default.hd	M	78af8aa	type	reject:impure-data-default	08-data-and-enums.md#data-declarations	error:impure-data-default	diagnostic	impure-data-default	10	1	true	true	no	0	false	false	value: i32 = callback()  # diagnostic: impure-data-default
typing/invalid/impure-shared-enum-default.hd	M	78af8aa	type	reject:impure-enum-default	08-data-and-enums.md#shared-enum-constructor-data	error:impure-enum-default	diagnostic	impure-enum-default	7	1	true	true	no	0	false	false	enum Status(code: i32 = next()):  # diagnostic: impure-enum-default
typing/invalid/integer-literal-range.hd	M	bd985d7	type	reject:integer-literal-range	04-type-system.md#literal-types	error:integer-literal-range	diagnostic	integer-literal-range	2	1	true	true	no	0	false	false	let bad: u8 = 300  # diagnostic: integer-literal-range
typing/invalid/integer-narrowing.hd	M	bd985d7	type	reject:implicit-narrowing	04-type-system.md#numeric-conversions	error:implicit-narrowing	diagnostic	implicit-narrowing	3	1	true	true	no	0	false	false	value  # diagnostic: implicit-narrowing
typing/invalid/invalid-map-key.hd	M	78af8aa	type	reject:invalid-map-key	04-type-system.md#map-key-types	error:invalid-map-key	diagnostic	invalid-map-key	3	1	true	true	yes	1	false	false	let users: map[User, string] = {}  # diagnostic: invalid-map-key
typing/invalid/least-type-weakening-variance.hd	M	bd985d7	type	reject:no-least-common-type	05-expressions.md#list-and-map-expressions	error:no-least-common-type	diagnostic	no-least-common-type	5	1	true	true	no	0	false	false	both := [small, wide]  # diagnostic: no-least-common-type
typing/invalid/library-orphan-annotation.hd	M	bd985d7	type	reject:orphan-annotation-in-library	14-annotations.md#coherence-and-package-rules	error:orphan-annotation-in-library	diagnostic	orphan-annotation-in-library	5	1	true	true	no	0	false	false	annotate Validation for User: pass  # diagnostic: orphan-annotation-in-library
typing/invalid/local-impl-nonlocal-pair.hd	M	bd985d7	type	reject:local-impl-nonlocal-pair	09-traits.md#trait-implementations	error:local-impl-nonlocal-pair	diagnostic	local-impl-nonlocal-pair	9	1	true	true	no	0	false	false	impl Label for Entry:  # diagnostic: local-impl-nonlocal-pair
typing/invalid/metadata-type-as-value.hd	M	bd985d7	type	reject:type-used-as-value	14-annotations.md#common-shape-representation	error:type-used-as-value	diagnostic	type-used-as-value	5	1	true	true	no	0	false	false	field.metadata(MaxLen)  # diagnostic: type-used-as-value
typing/invalid/missing-child-annotation.hd	M	bd985d7	type	reject:missing-child-annotation	14-annotations.md#missing-child-information	error:missing-child-annotation	diagnostic	missing-child-annotation	29	1	true	true	no	0	false	false	annotate Validation for Record: pass  # diagnostic: missing-child-annotation
typing/invalid/missing-mutable-edge.hd	M	78af8aa	type	reject:readonly-edge	04-type-system.md#mutable-paths	error:readonly-edge	diagnostic	readonly-edge	8	1	true	true	no	0	false	false	account.profile.name = "Grace"  # diagnostic: readonly-edge
typing/invalid/missing-required-data-field.hd	M	78af8aa	type	reject:missing-required-field	08-data-and-enums.md#construction-and-access	error:missing-required-field	diagnostic	missing-required-field	5	1	true	true	no	0	false	false	user := User {}  # diagnostic: missing-required-field
typing/invalid/missing-requirement.hd	M	78af8aa	type	reject:missing-requirement	11-requirements-and-suspension.md#requirement-rows	error:missing-requirement	diagnostic	missing-requirement	7	1	true	true	no	0	false	false	query()  # diagnostic: missing-requirement
typing/invalid/missing-return-value.hd	M	78af8aa	type	reject:missing-return-value	07-functions.md#declarations	error:missing-return-value	diagnostic	missing-return-value	2	1	true	true	no	0	false	false	if flag:  # diagnostic: missing-return-value
typing/invalid/missing-trait-method.hd	M	78af8aa	type	reject:missing-trait-method	09-traits.md#trait-implementations	error:missing-trait-method	diagnostic	missing-trait-method	5	1	true	true	no	0	true	true	impl Named for User  # diagnostic: missing-trait-method
typing/invalid/mixed-numeric-power.hd	M	78af8aa	type	reject:mixed-numeric-types	05-expressions.md#unary-and-binary-operators	error:mixed-numeric-types	diagnostic	mixed-numeric-types	2	1	true	true	no	0	true	true	base ** exponent  # diagnostic: mixed-numeric-types
typing/invalid/mixed-signedness.hd	M	bd985d7	type	reject:mixed-signedness	04-type-system.md#numeric-conversions	error:mixed-signedness	diagnostic	mixed-signedness	3	1	true	true	no	0	false	false	left + right  # diagnostic: mixed-signedness
typing/invalid/multiple-positional-value-packs.hd	M	bd985d7	type	reject:multiple-positional-value-packs	12-variadic-generics.md#pattern-expansion	error:multiple-positional-value-packs	diagnostic	multiple-positional-value-packs	1	1	true	true	no	0	false	false	fn split[As..., Bs...](left: As..., right: Bs...) -> ((As...), (Bs...)):  # diagnostic: multiple-positional-value-packs
typing/invalid/mut-upgrade.hd	M	78af8aa	type	reject:mutable-upgrade	04-type-system.md#assignability-and-coercion	error:mutable-upgrade	diagnostic	mutable-upgrade	5	1	true	true	no	0	false	false	let mutable: mut User = user  # diagnostic: mutable-upgrade
typing/invalid/nil-to-any.hd	M	bd985d7	type	reject:nil-to-nonoptional	04-type-system.md#optional-types	error:nil-to-nonoptional	diagnostic	nil-to-nonoptional	2	1	true	true	no	0	false	false	let invalid: Any = nil  # diagnostic: nil-to-nonoptional
typing/invalid/nominal-map-key.hd	M	bd985d7	type	reject:invalid-map-key	04-type-system.md#map-key-types	error:invalid-map-key	diagnostic	invalid-map-key	4	1	true	true	no	0	false	false	let users: map[UserId, string] = {}  # diagnostic: invalid-map-key
typing/invalid/nondisplay-entry-error.hd	M	78af8aa	type	reject:entry-error-not-display	10-modules.md#executable-entry-point	error:entry-error-not-display	diagnostic	entry-error-not-display	3	1	true	true	no	0	true	true	pub fn main() -> Result[void, HiddenError]:  # diagnostic: entry-error-not-display
typing/invalid/nonexhaustive-bool-match.hd	M	78af8aa	type	reject:nonexhaustive-match	06-control-flow.md#match-expressions	error:nonexhaustive-match	diagnostic	nonexhaustive-match	2	1	true	true	no	0	false	false	match value:  # diagnostic: nonexhaustive-match
typing/invalid/nonexhaustive-match.hd	M	78af8aa	type	reject:nonexhaustive-match	06-control-flow.md#match-expressions	error:nonexhaustive-match	diagnostic	nonexhaustive-match	6	1	true	true	no	0	false	false	match status:  # diagnostic: nonexhaustive-match
typing/invalid/nonfinal-positional-value-pack.hd	M	bd985d7	type	reject:nonfinal-positional-value-pack	12-variadic-generics.md#pattern-expansion	error:nonfinal-positional-value-pack	diagnostic	nonfinal-positional-value-pack	1	1	true	true	no	0	true	true	fn invalid[Ts...](values: Ts..., tail: i32) -> void:  # diagnostic: nonfinal-positional-value-pack
typing/invalid/nonfinal-spread.hd	M	78af8aa	type	reject:nonfinal-positional-spread	07-functions.md#varargs	error:nonfinal-positional-spread	diagnostic	nonfinal-positional-spread	5	1	true	true	no	0	false	false	result := sum(values..., 3)  # diagnostic: nonfinal-positional-spread
typing/invalid/nonhost-entry-requirement.hd	M	78af8aa	type	reject:nonhost-entry-requirement	11-requirements-and-suspension.md#provider-access	error:nonhost-entry-requirement	diagnostic	nonhost-entry-requirement	3	1	true	true	no	0	false	false	pub fn main() -> void $ Database:  # diagnostic: nonhost-entry-requirement
typing/invalid/nonnumeric-unary-plus.hd	M	78af8aa	type	reject:nonnumeric-unary-plus	05-expressions.md#unary-and-binary-operators	error:nonnumeric-unary-plus	diagnostic	nonnumeric-unary-plus	2	1	true	true	no	0	false	false	invalid := +"hello"  # diagnostic: nonnumeric-unary-plus
typing/invalid/orphan-impl.hd	M	bd985d7	type	reject:orphan-impl	09-traits.md#trait-implementations	error:orphan-impl	diagnostic	orphan-impl	1	1	true	true	no	0	false	false	impl Display for i32:  # diagnostic: orphan-impl
typing/invalid/overlapping-generic-annotation.hd	M	bd985d7	type	reject:overlapping-annotation-impl	14-annotations.md#derived-facet-information	error:overlapping-annotation-impl	diagnostic	overlapping-annotation-impl	15	1	true	true	no	0	false	false	annotate Validation for list[i32]:  # diagnostic: overlapping-annotation-impl
typing/invalid/overload.hd	M	78af8aa	type	reject:duplicate-module-name	03-names-and-scopes.md#name-categories	error:duplicate-module-name	diagnostic	duplicate-module-name	2	1	true	true	no	0	false	false	fn value(input: string) -> string: input  # diagnostic: duplicate-module-name
typing/invalid/pack-length-mismatch.hd	M	bd985d7	type	reject:pack-length-mismatch	12-variadic-generics.md#lockstep-expansion	error:pack-length-mismatch	diagnostic	pack-length-mismatch	11	1	true	true	no	0	false	false	fn(a: string, b: string) -> string: a + b,  # diagnostic: pack-length-mismatch
typing/invalid/pack-map-mapper-mismatch.hd	M	bd985d7	type	reject:pack-map-mapper-mismatch	12-variadic-generics.md#pack-mapping	error:pack-map-mapper-mismatch	diagnostic	pack-map-mapper-mismatch	5	1	true	true	no	0	false	false	let values: (i32, i32) = pack.map((1, "x"), double)  # diagnostic: pack-map-mapper-mismatch
typing/invalid/parameter-decorator-type.hd	M	bd985d7	type	reject:invalid-parameter-metadata	14-annotations.md#prefix-decorators	error:invalid-parameter-metadata	diagnostic	invalid-parameter-metadata	10	1	true	true	no	0	false	false	@max_len(10)  # diagnostic: invalid-parameter-metadata
typing/invalid/partial-generic-arguments.hd	M	78af8aa	type	reject:partial-generic-arguments	07-functions.md#generic-functions	error:partial-generic-arguments	diagnostic	partial-generic-arguments	4	1	true	true	no	0	false	false	value := pair[string]("left", 1)  # diagnostic: partial-generic-arguments
typing/invalid/partial-generic-method-arguments.hd	M	bd985d7	type	reject:partial-generic-arguments	07-functions.md#generic-functions	error:partial-generic-arguments	diagnostic	partial-generic-arguments	9	1	true	true	no	0	false	false	value := identity.pair[string]("left", 1)  # diagnostic: partial-generic-arguments
typing/invalid/permission-target-overlap.hd	M	bd985d7	type	reject:overlapping-impl	09-traits.md#trait-implementations	error:overlapping-impl	diagnostic	overlapping-impl	7	1	true	true	no	0	false	false	impl Marker for mut Counter  # diagnostic: overlapping-impl
typing/invalid/plain-closure-mutable-capture.hd	M	bd985d7	type	reject:mutable-capture-requires-mut-fn	07-functions.md#captures	error:mutable-capture-requires-mut-fn	diagnostic	mutable-capture-requires-mut-fn	3	1	true	true	no	0	false	false	items.append(value)  # diagnostic: mutable-capture-requires-mut-fn
typing/invalid/possibly-uninitialized-binding.hd	M	bd985d7	type	reject:possibly-uninitialized-binding	03-names-and-scopes.md#binding-expressions	error:possibly-uninitialized-binding	diagnostic	possibly-uninitialized-binding	5	1	true	true	no	0	false	false	name  # diagnostic: possibly-uninitialized-binding
typing/invalid/prelude-shadow.hd	M	78af8aa	type	reject:prelude-name-shadow	10-modules.md#prelude	error:prelude-name-shadow	diagnostic	prelude-name-shadow	1	1	true	true	no	0	true	true	data Display: pass  # diagnostic: prelude-name-shadow
typing/invalid/present-pattern-nonoptional.hd	M	78af8aa	type	reject:optional-pattern-requires-optional	06-control-flow.md#match-expressions	error:optional-pattern-requires-optional	diagnostic	optional-pattern-requires-optional	3	1	true	true	no	0	true	true	present? => present  # diagnostic: optional-pattern-requires-optional
typing/invalid/primitive-identity.hd	M	78af8aa	type	reject:identity-requires-references	05-expressions.md#unary-and-binary-operators	error:identity-requires-references	diagnostic	identity-requires-references	2	1	true	true	no	0	false	false	left is right  # diagnostic: identity-requires-references
typing/invalid/private-requirement-row.hd	M	78af8aa	type	reject:private-type-leak	10-modules.md#public-uses-and-visibility	error:private-type-leak	diagnostic	private-type-leak	3	1	true	true	no	0	false	false	pub fn query() -> void $ Database:  # diagnostic: private-type-leak
typing/invalid/private-type-leak.hd	M	78af8aa	type	reject:private-type-leak	10-modules.md#public-uses-and-visibility	error:private-type-leak	diagnostic	private-type-leak	3	1	true	true	yes	1	false	false	pub fn reveal() -> Secret:  # diagnostic: private-type-leak
typing/invalid/readonly-function-result.hd	M	78af8aa	type	reject:readonly-argument-to-mutable-parameter	04-type-system.md#bindings-and-fresh-values	error:readonly-argument-to-mutable-parameter	diagnostic	readonly-argument-to-mutable-parameter	11	1	true	true	no	0	false	false	rename(new_user())  # diagnostic: readonly-argument-to-mutable-parameter
typing/invalid/readonly-generic-field-init.hd	M	78af8aa	type	reject:mutable-upgrade	04-type-system.md#mutable-paths	error:mutable-upgrade	diagnostic	mutable-upgrade	8	1	true	true	no	0	false	false	let box: Box[mut Child] = Box { value: readonly_child }  # diagnostic: mutable-upgrade
typing/invalid/readonly-list-element-replacement.hd	M	78af8aa	type	reject:readonly-root	05-expressions.md#indexing	error:readonly-root	diagnostic	readonly-root	5	1	true	true	no	0	false	false	children[0] = replacement  # diagnostic: readonly-root
typing/invalid/readonly-map-entry-replacement.hd	M	78af8aa	type	reject:readonly-root	05-expressions.md#indexing	error:readonly-root	diagnostic	readonly-root	5	1	true	true	no	0	false	false	children["id"] = replacement  # diagnostic: readonly-root
typing/invalid/readonly-mut-field-method.hd	M	78af8aa	type	reject:mutable-receiver-required	04-type-system.md#mutable-paths	error:mutable-receiver-required	diagnostic	mutable-receiver-required	12	1	true	true	no	0	false	false	parent.child.rename("new")  # diagnostic: mutable-receiver-required
typing/invalid/readonly-mut-field-mutation.hd	M	78af8aa	type	reject:readonly-root	04-type-system.md#mutable-paths	error:readonly-root	diagnostic	readonly-root	8	1	true	true	no	0	false	false	parent.child.name = "new"  # diagnostic: readonly-root
typing/invalid/readonly-mut-field-reassignment.hd	M	78af8aa	type	reject:readonly-root	04-type-system.md#mutable-paths	error:readonly-root	diagnostic	readonly-root	8	1	true	true	no	0	false	false	parent.child = Child { name: "new" }  # diagnostic: readonly-root
typing/invalid/readonly-mutation.hd	M	78af8aa	type	reject:readonly-root	04-type-system.md#mutable-paths	error:readonly-root	diagnostic	readonly-root	5	1	true	true	no	0	false	false	user.name = "Grace"  # diagnostic: readonly-root
typing/invalid/readonly-spread-mutable-field.hd	M	78af8aa	type	reject:mutable-upgrade	05-expressions.md#data-expressions	error:mutable-upgrade	diagnostic	mutable-upgrade	8	1	true	true	no	0	false	false	Parent { ...parent }  # diagnostic: mutable-upgrade
typing/invalid/readonly-suspension-cancel.hd	M	78af8aa	type	reject:mutable-receiver-required	11-requirements-and-suspension.md#suspending-functions	error:mutable-receiver-required	diagnostic	mutable-receiver-required	6	1	true	true	no	0	false	false	pending.cancel()  # diagnostic: mutable-receiver-required
typing/invalid/reassign-parameter.hd	M	78af8aa	type	reject:non-reassignable-parameter-binding	07-functions.md#parameters	error:non-reassignable-parameter-binding	diagnostic	non-reassignable-parameter-binding	2	1	true	true	no	0	false	false	value = 0  # diagnostic: non-reassignable-parameter-binding
typing/invalid/reassign-short-binding.hd	M	78af8aa	type	reject:non-reassignable-binding	03-names-and-scopes.md#local-bindings	error:non-reassignable-binding	diagnostic	non-reassignable-binding	3	1	true	true	no	0	false	false	name = "Grace"  # diagnostic: non-reassignable-binding
typing/invalid/recursive-closure-inferred-result.hd	M	78af8aa	type	reject:recursive-closure-needs-result-type	07-functions.md#recursion	error:recursive-closure-needs-result-type	diagnostic	recursive-closure-needs-result-type	2	1	true	true	no	0	false	false	sum := fn(n: i32):  # diagnostic: recursive-closure-needs-result-type
typing/invalid/redeclare-core-type.hd	M	78af8aa	type	reject:prelude-name-shadow	03-names-and-scopes.md#name-categories	error:prelude-name-shadow	diagnostic	prelude-name-shadow	2	1	true	true	no	0	true	true	data i32:  # diagnostic: prelude-name-shadow
typing/invalid/reimport-prelude-name.hd	M	bd985d7	type	reject:prelude-name-shadow	10-modules.md#prelude	error:prelude-name-shadow	diagnostic	prelude-name-shadow	1	1	true	true	no	0	true	true	use std.format.Display  # diagnostic: prelude-name-shadow
typing/invalid/retention-missing-field.hd	M	bd985d7	type	reject:unknown-shape-target	14-annotations.md#common-shape-representation	error:unknown-shape-target	diagnostic	unknown-shape-target	4	1	true	true	no	0	false	false	missing := shape(User.deleted)  # diagnostic: unknown-shape-target
typing/invalid/row-kind-mismatch.hd	M	bd985d7	type	reject:generic-kind-mismatch	02-grammar.md#types	error:generic-kind-mismatch	diagnostic	generic-kind-mismatch	4	1	true	true	no	0	false	false	fn invalid(value: Box[$()]) -> void: pass  # diagnostic: generic-kind-mismatch
typing/invalid/row-subtraction-unsound.hd	M	78af8aa	type	reject:missing-requirement	11-requirements-and-suspension.md#requirement-rows	error:missing-requirement	diagnostic	missing-requirement	5	1	true	true	yes	1	false	false	callback()  # diagnostic: missing-requirement
typing/invalid/shared-enum-default-order.hd	M	78af8aa	type	reject:enum-default-order	08-data-and-enums.md#shared-enum-constructor-data	error:enum-default-order	diagnostic	enum-default-order	1	1	true	true	no	0	false	false	enum Status(code: i32 = 0, phrase: string):  # diagnostic: enum-default-order
typing/invalid/string-indexing.hd	M	78af8aa	type	reject:unsupported-string-indexing	04-type-system.md#strings	error:unsupported-string-indexing	diagnostic	unsupported-string-indexing	2	1	true	true	no	0	false	false	value[0]  # diagnostic: unsupported-string-indexing
typing/invalid/supertrait-cycle.hd	M	bd985d7	type	reject:supertrait-cycle	09-traits.md#trait-declarations	error:supertrait-cycle	diagnostic	supertrait-cycle	4	1	true	true	no	0	true	true	trait Right: Left:  # diagnostic: supertrait-cycle
typing/invalid/suspension-forbidden-context.hd	M	bd985d7	type	reject:suspension-forbidden-context	11-requirements-and-suspension.md#suspending-functions	error:suspension-forbidden-context	diagnostic	suspension-forbidden-context	9	1	true	true	no	0	true	true	fn invalid(value: i32 = wait_now()) -> i32:  # diagnostic: suspension-forbidden-context
typing/invalid/top-level-defer.hd	M	78af8aa	type	reject:defer-outside-cleanup-scope	06-control-flow.md#deferred-cleanup	error:defer-outside-cleanup-scope	diagnostic	defer-outside-cleanup-scope	1	1	true	true	no	0	true	true	defer:  # diagnostic: defer-outside-cleanup-scope
typing/invalid/top-level-return.hd	M	78af8aa	type	reject:return-outside-function	06-control-flow.md#return	error:return-outside-function	diagnostic	return-outside-function	2	1	true	true	no	0	false	false	return 1  # diagnostic: return-outside-function
typing/invalid/trait-method-signature.hd	M	78af8aa	type	reject:trait-method-signature	09-traits.md#trait-implementations	error:trait-method-signature	diagnostic	trait-method-signature	7	1	true	true	no	0	true	true	fn name(self) -> i32: 0  # diagnostic: trait-method-signature
typing/invalid/transitive-uninitialized-binding.hd	M	78af8aa	type	reject:top-level-read-before-initialization	10-modules.md#module-initialization	error:top-level-read-before-initialization	diagnostic	top-level-read-before-initialization	1	1	true	true	no	0	false	false	first := apply(first_name)  # diagnostic: top-level-read-before-initialization
typing/invalid/tuple-identity.hd	M	78af8aa	type	reject:identity-requires-references	05-expressions.md#unary-and-binary-operators	error:identity-requires-references	diagnostic	identity-requires-references	2	1	true	true	no	0	false	false	left is right  # diagnostic: identity-requires-references
typing/invalid/tuple-map-key.hd	M	78af8aa	type	reject:invalid-map-key	04-type-system.md#map-key-types	error:invalid-map-key	diagnostic	invalid-map-key	2	1	true	true	no	0	false	false	let points: map[(i32, f64), string] = {}  # diagnostic: invalid-map-key
typing/invalid/unbounded-generic-identity.hd	M	78af8aa	type	reject:identity-needs-reference-bound	04-type-system.md#generics	error:identity-needs-reference-bound	diagnostic	identity-needs-reference-bound	2	1	true	true	no	0	false	false	left is right  # diagnostic: identity-needs-reference-bound
typing/invalid/unknown-annotation-member.hd	M	bd985d7	type	reject:unknown-annotation-member	14-annotations.md#member-metadata	error:unknown-annotation-member	diagnostic	unknown-annotation-member	6	1	true	true	no	0	false	false	missing = []  # diagnostic: unknown-annotation-member
typing/invalid/unrepresentable-type-shape.hd	M	bd985d7	type	reject:unrepresentable-type-shape	14-annotations.md#common-shape-representation	error:unrepresentable-type-shape	diagnostic	unrepresentable-type-shape	7	1	true	true	no	0	true	true	holder_shape := shape(Holder)  # diagnostic: unrepresentable-type-shape
typing/invalid/unresolved-generic-placeholder.hd	M	78af8aa	type	reject:unresolved-generic-placeholder	07-functions.md#generic-functions	error:unresolved-generic-placeholder	diagnostic	unresolved-generic-placeholder	4	1	true	true	no	0	false	false	value := make[_]()  # diagnostic: unresolved-generic-placeholder
typing/invalid/unsafe-dynamic-trait.hd	M	bd985d7	type	reject:trait-not-dynamically-safe	09-traits.md#dynamic-trait-values	error:trait-not-dynamically-safe	diagnostic	trait-not-dynamically-safe	5	1	true	true	no	0	false	false	fn invalid(value: Convert) -> void:  # diagnostic: trait-not-dynamically-safe
typing/invalid/unsaturated-enum-constructor.hd	M	78af8aa	type	reject:unsaturated-enum-constructor	08-data-and-enums.md#enum-declarations	error:unsaturated-enum-constructor	diagnostic	unsaturated-enum-constructor	3	1	true	true	yes	1	false	false	constructor := ToolError.NotFound  # diagnostic: unsaturated-enum-constructor
typing/invalid/unsigned-negation.hd	M	bd985d7	type	reject:unsigned-negation	05-expressions.md#unary-and-binary-operators	error:unsigned-negation	diagnostic	unsigned-negation	3	1	true	true	no	0	false	false	invalid := -value  # diagnostic: unsigned-negation
typing/invalid/user-suspend-implementation.hd	M	bd985d7	type	reject:sealed-trait-implementation	11-requirements-and-suspension.md#suspendt-protocol	error:sealed-trait-implementation	diagnostic	sealed-trait-implementation	3	1	true	true	no	0	false	false	impl Suspend[i32] for Replay:  # diagnostic: sealed-trait-implementation
typing/invalid/variance-position.hd	M	bd985d7	type	reject:invalid-variance	04-type-system.md#variance	error:invalid-variance	diagnostic	invalid-variance	3	1	true	true	no	0	false	false	consume: fn(T) -> void  # diagnostic: invalid-variance
typing/invalid/variance-representation-change.hd	M	bd985d7	type	reject:variance-representation-change	04-type-system.md#variance	error:variance-representation-change	diagnostic	variance-representation-change	5	1	true	true	no	0	false	false	value  # diagnostic: variance-representation-change
typing/invalid/variant-result-owner.hd	M	bd985d7	type	reject:variant-result-owner	13-gadts.md	error:variant-result-owner	diagnostic	variant-result-owner	5	1	true	true	no	0	false	true	Broken(value: T) -> Other[T]  # diagnostic: variant-result-owner
typing/valid/requirements-and-suspension.hd	M	bd985d7	type	accept	11-requirements-and-suspension.md	-	-	-	-	0	true(no-code)	true	yes	4	n/a	n/a	-
typing/warnings/requirement-subtract-absent.hd	M	78af8aa	type	warn:requirement-subtract-absent	11-requirements-and-suspension.md#requirement-rows	warning:requirement-subtract-absent	warning	requirement-subtract-absent	17	1	true	true	no	0	true	true	redundant(tick)  # warning: requirement-subtract-absent
typing/warnings/unreachable-code.hd	M	78af8aa	type	warn:unreachable-code	06-control-flow.md#unreachable-code	warning:unreachable-code	warning	unreachable-code	3	1	true	true	no	0	true	true	2  # warning: unreachable-code
typing/warnings/unused-local-binding.hd	M	78af8aa	type	warn:unused-local-binding	06-control-flow.md#blocks-and-completion	warning:unused-local-binding	warning	unused-local-binding	2	1	true	true	no	0	true	true	unused := 1  # warning: unused-local-binding
typing/warnings/variant-binding-name-mismatch.hd	M	78af8aa	type	warn:variant-binding-name-mismatch	06-control-flow.md#match-expressions	warning:variant-binding-name-mismatch	warning	variant-binding-name-mismatch	6	1	true	true	no	0	true	true	Choice.Pair(else_value, then_value) => then_value - else_value  # warning: variant-binding-name-mismatch
